﻿<?xml version="1.0" encoding="utf-8" ?>
<HistoryAutoRecorderGroupDefs>

  <HistoryAutoRecorderGroupDef>
    <defName>Wealth</defName>
    <label>Wealth</label>
	<graphLabelY>Amount</graphLabelY>
	<historyAutoRecorderDefs>
	  <li>WealthTotal</li>
	  <li>WealthItems</li>
	  <li>WealthBuildings</li>
	</historyAutoRecorderDefs>
  </HistoryAutoRecorderGroupDef>
  
  <HistoryAutoRecorderGroupDef>
    <defName>Population</defName>
    <label>Population</label>
	<graphLabelY>Colonists</graphLabelY>
	<historyAutoRecorderDefs>
	  <li>FreeColonists</li>
	  <li>Prisoners</li>
	</historyAutoRecorderDefs>
  </HistoryAutoRecorderGroupDef>
  
  <HistoryAutoRecorderGroupDef>
    <defName>ColonistMood</defName>
    <label>Colonist mood</label>
	<graphLabelY>Percent</graphLabelY>
	<useFixedScale>true</useFixedScale>
	<fixedScale>(0, 100)</fixedScale>
	<historyAutoRecorderDefs>
	  <li>ColonistMood</li>
	  <!--<li>ColonistFear</li>-->
	</historyAutoRecorderDefs>
  </HistoryAutoRecorderGroupDef>
  
</HistoryAutoRecorderGroupDefs>