﻿<?xml version="1.0" encoding="utf-8"?>
<DefPackage-HairDef>
  <HairDef>
    <label>Afro</label>
    <hairGender>Any</hairGender>
    <graphicPath>Things/Pawn/Humanoid/Hairs/Afro</graphicPath>
    <defName>Afro</defName>
		<hairTags>
			<li>Urban</li>
		</hairTags>
  </HairDef>
  <HairDef>
    <label>Bob</label>
    <hairGender>Female</hairGender>
    <graphicPath>Things/Pawn/Humanoid/Hairs/Bob</graphicPath>
    <defName>Bob</defName>
		<hairTags>
			<li>Urban</li>
		</hairTags>
  </HairDef>
  <HairDef>
    <label>Burgundy</label>
    <hairGender>Male</hairGender>
    <graphicPath>Things/Pawn/Humanoid/Hairs/Burgundy</graphicPath>
    <defName>Burgundy</defName>
		<hairTags>
			<li>Urban</li>
		</hairTags>
  </HairDef>
  <HairDef>
    <label>Flowy</label>
    <hairGender>Female</hairGender>
    <graphicPath>Things/Pawn/Humanoid/Hairs/Flowy</graphicPath>
    <defName>Flowy</defName>
		<hairTags>
			<li>Urban</li>
			<li>Rural</li>
		</hairTags>
  </HairDef>
  <HairDef>
    <label>Long</label>
    <hairGender>Female</hairGender>
    <graphicPath>Things/Pawn/Humanoid/Hairs/Long</graphicPath>
    <defName>Long</defName>
		<hairTags>
			<li>Urban</li>
			<li>Rural</li>
		</hairTags>
  </HairDef>
  <HairDef>
    <label>Mohawk</label>
    <hairGender>MaleUsually</hairGender>
    <graphicPath>Things/Pawn/Humanoid/Hairs/Mohawk</graphicPath>
    <defName>Mohawk</defName>
		<hairTags>
			<li>Urban</li>
			<li>Punk</li>
		</hairTags>
  </HairDef>
  <HairDef>
    <label>Mop</label>
    <hairGender>MaleUsually</hairGender>
    <graphicPath>Things/Pawn/Humanoid/Hairs/Mop</graphicPath>
    <defName>Mop</defName>
		<hairTags>
			<li>Urban</li>
			<li>Rural</li>
		</hairTags>
  </HairDef>
  <HairDef>
    <label>Pigtails</label>
    <hairGender>Female</hairGender>
    <graphicPath>Things/Pawn/Humanoid/Hairs/Pigtails</graphicPath>
    <defName>Pigtails</defName>
		<hairTags>
			<li>Urban</li>
		</hairTags>
  </HairDef>
  <HairDef>
    <label>Shaved</label>
    <hairGender>MaleUsually</hairGender>
    <graphicPath>Things/Pawn/Humanoid/Hairs/Shaved</graphicPath>
    <defName>Shaved</defName>
		<hairTags>
			<li>Urban</li>
			<li>Punk</li>
			<li>Rural</li>
			<li>Tribal</li>
		</hairTags>
  </HairDef>
  <HairDef>
    <label>Spikes</label>
    <hairGender>MaleUsually</hairGender>
    <graphicPath>Things/Pawn/Humanoid/Hairs/Spikes</graphicPath>
    <defName>Spikes</defName>
		<hairTags>
			<li>Urban</li>
			<li>Punk</li>
		</hairTags>
  </HairDef>
  <HairDef>
    <label>Tuft</label>
    <hairGender>MaleUsually</hairGender>
    <graphicPath>Things/Pawn/Humanoid/Hairs/Tuft</graphicPath>
    <defName>Tuft</defName>
		<hairTags>
			<li>Punk</li>
			<li>Tribal</li>
		</hairTags>
  </HairDef>
  <HairDef>
    <label>Wavy</label>
    <hairGender>Any</hairGender>
    <graphicPath>Things/Pawn/Humanoid/Hairs/Wavy</graphicPath>
    <defName>Wavy</defName>
		<hairTags>
			<li>Urban</li>
			<li>Rural</li>
		</hairTags>
  </HairDef>
</DefPackage-HairDef>