﻿<?xml version="1.0" encoding="utf-8" ?>
<Plants>


	<ThingDef Name="PlantBase" Abstract="True">
		<eType>Plant</eType>
		<category>Plant</category>
		<thingClass>Plant</thingClass>
		<altitudeLayer>LowPlant</altitudeLayer>
		<flammability>1.0</flammability>
		<useStandardHealth>True</useStandardHealth>
		<maxHealth>75</maxHealth>
		<tickerType>Rare</tickerType>
		<selectable>False</selectable>
		<neverMultiSelect>True</neverMultiSelect>
		<drawerType>MapMeshOnly</drawerType>
		<baseMaterialType>PlantCutout</baseMaterialType>
		<plant>
      <harvestDestroys>true</harvestDestroys>
      <harvestingSound>Harvest_Standard</harvestingSound>
      <harvestFinishSound>Harvest_Standard_Finish</harvestFinishSound>
      <sowWork>150</sowWork>
      <fertilityMin>0.5</fertilityMin>
      <fertilityFactorGrowthRate>1.0</fertilityFactorGrowthRate>
      <topWindExposure>0.1</topWindExposure>
      <growthPer20kTicks>0.48</growthPer20kTicks>
      <growMinGlow>Overlit</growMinGlow>
      <lifeSpan>200000</lifeSpan>
			<seedShootMinGrowthPercent>0.6</seedShootMinGrowthPercent>
			<visualSizeRange>
				<min>0.3</min>
				<max>1.00</max>
			</visualSizeRange>
		</plant>
	</ThingDef>






	<!--=========================== Crops ==============================-->


	<ThingDef ParentName="PlantBase">
		<defName>PlantPotato</defName>
		<label>Potato plant</label>
		<maxHealth>85</maxHealth>
		<description>A simple, highly nutritious tuber. Grows well in relatively poor soil.</description>
		<beauty>NiceTiny</beauty>
		<textureFolderPath>Things/Plant/PotatoPlant</textureFolderPath>
		<selectable>true</selectable>
		<pathCost>10</pathCost>
		<food>
			<quality>Plant</quality>
			<nutrition>40</nutrition>
		</food>
		<plant>
      <shootsSeeds>false</shootsSeeds>
      <harvestTag>Food</harvestTag>
      <harvestedThingDef>RawPotatoes</harvestedThingDef>
      <harvestDestroys>true</harvestDestroys>
      <harvestYieldRange>
        <min>2</min>
        <max>4.5</max>
      </harvestYieldRange>
      <sowableGround>true</sowableGround>
      <sowableHydroponic>true</sowableHydroponic>
      <topWindExposure>0.1</topWindExposure>
			<growthPer20kTicks>0.48</growthPer20kTicks>
			<lifeSpan>200000</lifeSpan>
			<fertilityFactorGrowthRate>0.4</fertilityFactorGrowthRate>
			<visualSizeRange>
				<min>0.3</min>
				<max>1.05</max>
			</visualSizeRange>
		</plant>
	</ThingDef>


	<ThingDef ParentName="PlantBase">
		<defName>PlantStrawberry</defName>
		<label>Strawberry plant</label>
		<maxHealth>85</maxHealth>
		<description>A fragile but tasty fruit. Delicious even when raw, it needs rich soil to grow properly.</description>
		<beauty>NiceTiny</beauty>
		<textureFolderPath>Things/Plant/StrawberryPlant</textureFolderPath>
		<selectable>true</selectable>
		<pathCost>10</pathCost>
		<food>
			<quality>Plant</quality>
			<nutrition>40</nutrition>
		</food>
		<plant>
      <shootsSeeds>false</shootsSeeds>
      <harvestTag>Food</harvestTag>
      <harvestedThingDef>RawBerries</harvestedThingDef>
      <harvestDestroys>true</harvestDestroys>
      <harvestYieldRange>
        <min>2</min>
        <max>3</max>
      </harvestYieldRange>
      <sowableGround>true</sowableGround>
      <sowableHydroponic>true</sowableHydroponic>
      <topWindExposure>0.1</topWindExposure>
			<growthPer20kTicks>0.48</growthPer20kTicks>
			<lifeSpan>200000</lifeSpan>
			<fertilityFactorGrowthRate>1</fertilityFactorGrowthRate>
			<visualSizeRange>
				<min>0.3</min>
				<max>1.05</max>
			</visualSizeRange>
		</plant>
	</ThingDef>





	<!--=========================== Decorative ==============================-->



	<ThingDef ParentName="PlantBase">
		<defName>PlantRose</defName>
		<label>Rose</label>
		<maxHealth>85</maxHealth>
		<description>A beautiful cultivated flower.</description>
		<beauty>Gorgeous</beauty>
		<textureFolderPath>Things/Plant/Rose</textureFolderPath>
		<overDraw>True</overDraw>
		<altitudeLayer>Item</altitudeLayer>
		<selectable>true</selectable>
		<food>
			<quality>Plant</quality>
			<nutrition>20</nutrition>
		</food>
		<plant>
      <shootsSeeds>false</shootsSeeds>
      <harvestTag>Food</harvestTag>
      <harvestDestroys>True</harvestDestroys>
      <sowWork>400</sowWork>
      <sowableGround>True</sowableGround>
      <growMinGlow>Lit</growMinGlow>
      <topWindExposure>0.1</topWindExposure>
      <growthPer20kTicks>1.0</growthPer20kTicks>
      <lifeSpan>140000</lifeSpan>
      <fertilityFactorGrowthRate>1.0</fertilityFactorGrowthRate>
      <visualSizeRange>
				<min>0.3</min>
				<max>1.05</max>
			</visualSizeRange>
		</plant>
	</ThingDef>






	<ThingDef ParentName="PlantBase">
		<defName>PlantDaylily</defName>
		<label>Daylily</label>
		<maxHealth>85</maxHealth>
		<description>A beautiful cultivated flower.</description>
		<beauty>Gorgeous</beauty>
		<textureFolderPath>Things/Plant/Daylily</textureFolderPath>
		<altitudeLayer>Item</altitudeLayer>
		<selectable>true</selectable>
		<sunShadowInfo>
			<baseWidth>0.3</baseWidth>
			<baseHeight>0.3</baseHeight>
			<tallness>0.3</tallness>
		</sunShadowInfo>
		<food>
			<quality>Plant</quality>
			<nutrition>20</nutrition>
		</food>
		<plant>
      <shootsSeeds>false</shootsSeeds>
      <harvestTag>Food</harvestTag>
      <harvestDestroys>true</harvestDestroys>
      <sowWork>400</sowWork>
			<sowableGround>true</sowableGround>
			<growMinGlow>Lit</growMinGlow>
			<topWindExposure>0.1</topWindExposure>
			<growthPer20kTicks>1.0</growthPer20kTicks>
			<lifeSpan>60000</lifeSpan>
			<fertilityFactorGrowthRate>1</fertilityFactorGrowthRate>
			<visualSizeRange>
				<min>0.3</min>
				<max>1.05</max>
			</visualSizeRange>
		</plant>
	</ThingDef>



</Plants>