﻿<?xml version="1.0" encoding="utf-8"?>
<DefPackage-SoundDef>
  <SoundDef>
    <defName>RawVegetable_Eat</defName>
    <label></label>
    <description></description>
    <sustain>True</sustain>
    <eventNames />
    <maxSimultaneous>1</maxSimultaneous>
    <priorityMode>PrioritizeNearest</priorityMode>
    <sustainStartSound>RawVegetable_EatStart</sustainStartSound>
    <subSounds>
      <li>
        <muteWhenPaused>True</muteWhenPaused>
        <grains>
          <li Class="AudioGrain_Folder">
            <clipFolderPath>Pawn/Human/Eating/Raw_Vegetable</clipFolderPath>
          </li>
        </grains>
        <volumeRange>
          <min>10</min>
          <max>10</max>
        </volumeRange>
        <distRange>
          <min>10</min>
          <max>50</max>
        </distRange>
        <sustainLoop>False</sustainLoop>
      </li>
    </subSounds>
  </SoundDef>
  <SoundDef>
    <defName>RawMeat_Eat</defName>
    <label></label>
    <description></description>
    <sustain>True</sustain>
    <eventNames />
    <maxSimultaneous>1</maxSimultaneous>
    <priorityMode>PrioritizeNearest</priorityMode>
    <sustainStartSound>RawVegetable_EatStart</sustainStartSound>
    <subSounds>
      <li>
        <muteWhenPaused>True</muteWhenPaused>
        <grains>
          <li Class="AudioGrain_Folder">
            <clipFolderPath>Pawn/Human/Eating/Raw_Meat</clipFolderPath>
          </li>
        </grains>
        <volumeRange>
          <min>10</min>
          <max>10</max>
        </volumeRange>
        <pitchRange>
          <min>0.8852941</min>
          <max>1.022941</max>
        </pitchRange>
        <distRange>
          <min>10</min>
          <max>50</max>
        </distRange>
        <sustainLoop>False</sustainLoop>
      </li>
    </subSounds>
  </SoundDef>
  <SoundDef>
    <defName>Meal_Eat</defName>
    <label></label>
    <description></description>
    <sustain>True</sustain>
    <eventNames />
    <maxSimultaneous>1</maxSimultaneous>
    <priorityMode>PrioritizeNearest</priorityMode>
    <sustainStartSound>RawVegetable_EatStart</sustainStartSound>
    <subSounds>
      <li>
        <muteWhenPaused>True</muteWhenPaused>
        <grains>
          <li Class="AudioGrain_Folder">
            <clipFolderPath>Pawn/Human/Eating/Meal</clipFolderPath>
          </li>
        </grains>
        <volumeRange>
          <min>10</min>
          <max>10</max>
        </volumeRange>
        <pitchRange>
          <min>0.862353</min>
          <max>0.9541182</max>
        </pitchRange>
        <distRange>
          <min>10</min>
          <max>50</max>
        </distRange>
        <filters>
          <li Class="SoundFilterLowPass">
            <cutoffFrequency>2180.26</cutoffFrequency>
            <lowpassResonaceQ>1</lowpassResonaceQ>
          </li>
        </filters>
        <sustainLoop>False</sustainLoop>
        <sustainIntervalRange>
          <min>0.6978282</min>
          <max>0.6978282</max>
        </sustainIntervalRange>
      </li>
    </subSounds>
  </SoundDef>
</DefPackage-SoundDef>