﻿<?xml version="1.0" encoding="utf-8"?>
<DefPackage-SoundDef>
  <SoundDef>
    <defName>Crematorium_Stop</defName>
    <label></label>
    <description></description>
    <eventNames />
    <subSounds>
      <li>
        <grains>
          <li Class="AudioGrain_Clip">
            <clipPath>Interact/Work/Cremating/Crematorium/Crematorium_Stop_1a</clipPath>
          </li>
        </grains>
        <volumeRange>
          <min>6</min>
          <max>6</max>
        </volumeRange>
        <sustainLoop>False</sustainLoop>
      </li>
    </subSounds>
  </SoundDef>
</DefPackage-SoundDef>