﻿<?xml version="1.0" encoding="utf-8"?>
<DefPackage-SoundDef>
  <SoundDef>
    <defName>BuildingComplete</defName>
    <label></label>
    <description></description>
    <eventNames />
    <maxSimultaneous>1</maxSimultaneous>
    <subSounds>
      <li>
        <grains>
          <li Class="AudioGrain_Clip">
            <clipPath>Interaction/BuildingComplete</clipPath>
          </li>
        </grains>
        <volumeRange>
          <min>25</min>
          <max>25</max>
        </volumeRange>
      </li>
    </subSounds>
  </SoundDef>
  <SoundDef>
    <defName>PickHit</defName>
    <label></label>
    <description></description>
    <eventNames />
    <maxSimultaneous>1</maxSimultaneous>
    <subSounds>
      <li>
        <grains>
          <li Class="AudioGrain_Folder">
            <clipFolderPath>Interaction/PickHit</clipFolderPath>
          </li>
        </grains>
        <volumeRange>
          <min>18.70844</min>
          <max>20.70332</max>
        </volumeRange>
      </li>
    </subSounds>
  </SoundDef>
</DefPackage-SoundDef>