﻿<?xml version="1.0" encoding="utf-8"?>
<DefPackage-SoundDef>
  <SoundDef>
    <defName>Pawn_Melee_Punch_HitPawn</defName>
    <label></label>
    <description></description>
    <eventNames />
    <maxSimultaneous>1</maxSimultaneous>
    <subSounds>
      <li>
        <grains>
          <li Class="AudioGrain_Folder">
            <clipFolderPath>Impact/PunchHitPawn</clipFolderPath>
          </li>
        </grains>
        <volumeRange>
          <min>30.51151</min>
          <max>42.93479</max>
        </volumeRange>
        <pitchRange>
          <min>1</min>
          <max>1.14837</max>
        </pitchRange>
      </li>
    </subSounds>
  </SoundDef>
  <SoundDef>
    <defName>Pawn_Melee_Punch_HitBuilding</defName>
    <label></label>
    <description></description>
    <eventNames />
    <maxSimultaneous>1</maxSimultaneous>
    <subSounds>
      <li>
        <grains>
          <li Class="AudioGrain_Folder">
            <clipFolderPath>Impact/PunchHitBuilding</clipFolderPath>
          </li>
        </grains>
        <volumeRange>
          <min>19.56522</min>
          <max>31.52174</max>
        </volumeRange>
        <pitchRange>
          <min>0.8516304</min>
          <max>1.190761</max>
        </pitchRange>
      </li>
    </subSounds>
  </SoundDef>
  <SoundDef>
    <defName>Pawn_Melee_Punch_Miss</defName>
    <label></label>
    <description></description>
    <eventNames />
    <maxSimultaneous>1</maxSimultaneous>
    <subSounds>
      <li>
        <grains>
          <li Class="AudioGrain_Folder">
            <clipFolderPath>Impact/PunchMiss</clipFolderPath>
          </li>
        </grains>
        <volumeRange>
          <min>25.80563</min>
          <max>31.16368</max>
        </volumeRange>
        <pitchRange>
          <min>1.446356</min>
          <max>2</max>
        </pitchRange>
        <sustainLoop>False</sustainLoop>
      </li>
    </subSounds>
  </SoundDef>
  <SoundDef>
    <defName>Pawn_Melee_SmallScratch_HitPawn</defName>
    <label></label>
    <description></description>
    <eventNames />
    <maxVoices>2</maxVoices>
    <subSounds>
      <li>
        <grains>
          <li Class="AudioGrain_Folder">
            <clipFolderPath>Pawn/Animal/Melee_Small/Hit_Pawn</clipFolderPath>
          </li>
        </grains>
        <volumeRange>
          <min>12</min>
          <max>12</max>
        </volumeRange>
        <pitchRange>
          <min>0.9541177</min>
          <max>1.068824</max>
        </pitchRange>
        <sustainLoop>False</sustainLoop>
      </li>
    </subSounds>
  </SoundDef>
  <SoundDef>
    <defName>Pawn_Melee_SmallScratch_HitBuilding</defName>
    <label></label>
    <description></description>
    <eventNames />
    <maxVoices>2</maxVoices>
    <subSounds>
      <li>
        <grains>
          <li Class="AudioGrain_Folder">
            <clipFolderPath>Pawn/Animal/Melee_Small/Hit_Building</clipFolderPath>
          </li>
        </grains>
        <volumeRange>
          <min>22.58824</min>
          <max>21.41176</max>
        </volumeRange>
        <pitchRange>
          <min>0.8852941</min>
          <max>1.114706</max>
        </pitchRange>
        <sustainLoop>False</sustainLoop>
      </li>
    </subSounds>
  </SoundDef>
  <SoundDef>
    <defName>Pawn_Melee_SmallScratch_Miss</defName>
    <label></label>
    <description></description>
    <eventNames />
    <maxVoices>2</maxVoices>
    <subSounds>
      <li>
        <grains>
          <li Class="AudioGrain_Folder">
            <clipFolderPath>Pawn/Animal/Melee_Small/Miss</clipFolderPath>
          </li>
        </grains>
        <volumeRange>
          <min>12</min>
          <max>12</max>
        </volumeRange>
        <sustainLoop>False</sustainLoop>
      </li>
    </subSounds>
  </SoundDef>
  <SoundDef>
    <defName>Pawn_Melee_BigBash_HitPawn</defName>
    <label></label>
    <description></description>
    <eventNames />
    <maxVoices>2</maxVoices>
    <subSounds>
      <li>
        <grains>
          <li Class="AudioGrain_Folder">
            <clipFolderPath>Pawn/Animal/Melee_Big/Hit_Pawn</clipFolderPath>
          </li>
        </grains>
        <volumeRange>
          <min>20</min>
          <max>20</max>
        </volumeRange>
        <pitchRange>
          <min>0.9311765</min>
          <max>1.137647</max>
        </pitchRange>
        <sustainLoop>False</sustainLoop>
      </li>
    </subSounds>
  </SoundDef>
  <SoundDef>
    <defName>Pawn_Melee_BigBash_HitBuilding</defName>
    <label></label>
    <description></description>
    <eventNames />
    <subSounds>
      <li>
        <grains>
          <li Class="AudioGrain_Folder">
            <clipFolderPath>Pawn/Animal/Melee_Big/Hit_Building</clipFolderPath>
          </li>
        </grains>
        <volumeRange>
          <min>20</min>
          <max>20</max>
        </volumeRange>
        <pitchRange>
          <min>0.9082353</min>
          <max>1.022941</max>
        </pitchRange>
        <sustainLoop>False</sustainLoop>
      </li>
    </subSounds>
  </SoundDef>
  <SoundDef>
    <defName>Pawn_Melee_BigBash_Miss</defName>
    <label></label>
    <description></description>
    <eventNames />
    <subSounds>
      <li>
        <grains>
          <li Class="AudioGrain_Folder">
            <clipFolderPath>Pawn/Animal/Melee_Big/Miss</clipFolderPath>
          </li>
        </grains>
        <volumeRange>
          <min>20</min>
          <max>20</max>
        </volumeRange>
        <pitchRange>
          <min>0.9311765</min>
          <max>1.045882</max>
        </pitchRange>
        <sustainLoop>False</sustainLoop>
      </li>
    </subSounds>
  </SoundDef>
  <SoundDef>
    <defName>Pawn_Melee_MechanoidBash_HitPawn</defName>
    <label></label>
    <description></description>
    <eventNames />
    <maxVoices>2</maxVoices>
    <subSounds>
      <li>
        <grains>
          <li Class="AudioGrain_Folder">
            <clipFolderPath>Pawn/Mechanoid/Melee/Hit_Pawn</clipFolderPath>
          </li>
        </grains>
        <volumeRange>
          <min>20</min>
          <max>20</max>
        </volumeRange>
        <pitchRange>
          <min>0.9082353</min>
          <max>1.229412</max>
        </pitchRange>
        <sustainLoop>False</sustainLoop>
      </li>
    </subSounds>
  </SoundDef>
  <SoundDef>
    <defName>Pawn_Melee_MechanoidBash_HitBuilding</defName>
    <label></label>
    <description></description>
    <eventNames />
    <maxVoices>2</maxVoices>
    <subSounds>
      <li>
        <grains>
          <li Class="AudioGrain_Folder">
            <clipFolderPath>Pawn/Mechanoid/Melee/Hit_Building</clipFolderPath>
          </li>
        </grains>
        <volumeRange>
          <min>20</min>
          <max>20</max>
        </volumeRange>
        <pitchRange>
          <min>0.9541175</min>
          <max>1.068824</max>
        </pitchRange>
      </li>
    </subSounds>
  </SoundDef>
  <SoundDef>
    <defName>Pawn_Melee_MechanoidBash_Miss</defName>
    <label></label>
    <description></description>
    <eventNames />
    <maxVoices>2</maxVoices>
    <subSounds>
      <li>
        <grains>
          <li Class="AudioGrain_Folder">
            <clipFolderPath>Pawn/Mechanoid/Melee/Miss</clipFolderPath>
          </li>
        </grains>
        <volumeRange>
          <min>20</min>
          <max>20</max>
        </volumeRange>
        <pitchRange>
          <min>1</min>
          <max>1.18353</max>
        </pitchRange>
      </li>
    </subSounds>
  </SoundDef>
</DefPackage-SoundDef>