﻿<?xml version="1.0" encoding="utf-8"?>
<DefPackage-SoundDef>
  <SoundDef>
    <defName>Interact_BeatFire</defName>
    <label></label>
    <description></description>
    <eventNames />
    <maxSimultaneous>1</maxSimultaneous>
    <subSounds>
      <li>
        <grains>
          <li Class="AudioGrain_Folder">
            <clipFolderPath>Impact/BeatFire</clipFolderPath>
          </li>
        </grains>
        <volumeRange>
          <min>16</min>
          <max>16</max>
        </volumeRange>
      </li>
    </subSounds>
  </SoundDef>
  <SoundDef>
    <defName>Interact_Ignite</defName>
    <label></label>
    <description></description>
    <eventNames />
    <maxSimultaneous>1</maxSimultaneous>
    <subSounds>
      <li>
        <grains>
          <li Class="AudioGrain_Folder">
            <clipFolderPath>Impact/Ignite</clipFolderPath>
          </li>
        </grains>
        <volumeRange>
          <min>40</min>
          <max>47.05882</max>
        </volumeRange>
        <pitchRange>
          <min>0.9311765</min>
          <max>1.183529</max>
        </pitchRange>
      </li>
    </subSounds>
  </SoundDef>
</DefPackage-SoundDef>