﻿<?xml version="1.0" encoding="utf-8"?>
<DefPackage-SoundDef>
  <SoundDef>
    <defName>Interact_ConstructMetal</defName>
    <label></label>
    <description></description>
    <sustain>True</sustain>
    <eventNames />
    <maxSimultaneous>1</maxSimultaneous>
    <priorityMode>PrioritizeNearest</priorityMode>
    <subSounds>
      <li>
        <muteWhenPaused>True</muteWhenPaused>
        <grains>
          <li Class="AudioGrain_Folder">
            <clipFolderPath>Interaction/Construction</clipFolderPath>
          </li>
        </grains>
        <volumeRange>
          <min>17.05883</min>
          <max>19.41177</max>
        </volumeRange>
        <sustainLoop>False</sustainLoop>
      </li>
    </subSounds>
  </SoundDef>
  <SoundDef>
    <defName>Interact_ConstructDig</defName>
    <label></label>
    <description></description>
    <sustain>True</sustain>
    <eventNames />
    <maxSimultaneous>1</maxSimultaneous>
    <priorityMode>PrioritizeNearest</priorityMode>
    <subSounds>
      <li>
        <muteWhenPaused>True</muteWhenPaused>
        <grains>
          <li Class="AudioGrain_Folder">
            <clipFolderPath>Interaction/Digging</clipFolderPath>
          </li>
        </grains>
        <volumeRange>
          <min>12</min>
          <max>50</max>
        </volumeRange>
        <sustainLoop>False</sustainLoop>
        <sustainIntervalRange>
          <min>0.7948722</min>
          <max>0.7948722</max>
        </sustainIntervalRange>
      </li>
    </subSounds>
  </SoundDef>
  <SoundDef>
    <defName>Harvest_Standard</defName>
    <label></label>
    <description></description>
    <sustain>True</sustain>
    <eventNames />
    <maxSimultaneous>1</maxSimultaneous>
    <priorityMode>PrioritizeNearest</priorityMode>
    <subSounds>
      <li>
        <muteWhenPaused>True</muteWhenPaused>
        <grains>
          <li Class="AudioGrain_Folder">
            <clipFolderPath>Interaction/Farming</clipFolderPath>
          </li>
        </grains>
        <volumeRange>
          <min>9</min>
          <max>10</max>
        </volumeRange>
        <distRange>
          <min>25</min>
          <max>50</max>
        </distRange>
        <sustainLoop>False</sustainLoop>
      </li>
    </subSounds>
  </SoundDef>
  <SoundDef>
    <defName>Interact_Repair_Start</defName>
    <label></label>
    <description></description>
    <eventNames />
    <maxSimultaneous>1</maxSimultaneous>
    <subSounds>
      <li>
        <grains>
          <li Class="AudioGrain_Clip">
            <clipPath>Interaction/Repair/WeldStart</clipPath>
          </li>
        </grains>
        <volumeRange>
          <min>9.304348</min>
          <max>12.56522</max>
        </volumeRange>
        <pitchRange>
          <min>0.8236416</min>
          <max>1.14837</max>
        </pitchRange>
        <sustainLoopDurationRange>
          <min>999</min>
          <max>999</max>
        </sustainLoopDurationRange>
      </li>
    </subSounds>
  </SoundDef>
  <SoundDef>
    <defName>Interact_Repair</defName>
    <label></label>
    <description></description>
    <sustain>True</sustain>
    <eventNames />
    <maxSimultaneous>1</maxSimultaneous>
    <priorityMode>PrioritizeNearest</priorityMode>
    <sustainStartSound>Interact_Repair_Start</sustainStartSound>
    <subSounds>
      <li>
        <muteWhenPaused>True</muteWhenPaused>
        <grains>
          <li Class="AudioGrain_Clip">
            <clipPath>Interaction/Repair/WeldLoop</clipPath>
          </li>
        </grains>
        <volumeRange>
          <min>17.17392</min>
          <max>17.17392</max>
        </volumeRange>
        <pitchRange>
          <min>0.8304347</min>
          <max>1.169566</max>
        </pitchRange>
        <sustainLoopDurationRange>
          <min>2.391304</min>
          <max>0.9782609</max>
        </sustainLoopDurationRange>
        <sustainIntervalRange>
          <min>-0.3294118</min>
          <max>-0.3294118</max>
        </sustainIntervalRange>
        <sustainAttack>0.05882355</sustainAttack>
        <sustainRelease>0.4823529</sustainRelease>
      </li>
    </subSounds>
  </SoundDef>
  <SoundDef>
    <defName>Interact_Sow</defName>
    <label></label>
    <description></description>
    <sustain>True</sustain>
    <eventNames />
    <maxSimultaneous>1</maxSimultaneous>
    <priorityMode>PrioritizeNearest</priorityMode>
    <sustainStopSound>Harvest_Standard_End</sustainStopSound>
    <subSounds>
      <li>
        <muteWhenPaused>True</muteWhenPaused>
        <grains>
          <li Class="AudioGrain_Folder">
            <clipFolderPath>Interaction/Farming</clipFolderPath>
          </li>
        </grains>
        <volumeRange>
          <min>3</min>
          <max>6</max>
        </volumeRange>
        <sustainLoop>False</sustainLoop>
      </li>
    </subSounds>
  </SoundDef>
  <SoundDef>
    <defName>Interact_Research</defName>
    <label></label>
    <description></description>
    <sustain>True</sustain>
    <eventNames />
    <maxSimultaneous>1</maxSimultaneous>
    <priorityMode>PrioritizeNearest</priorityMode>
    <subSounds>
      <li>
        <muteWhenPaused>True</muteWhenPaused>
        <grains>
          <li Class="AudioGrain_Folder">
            <clipFolderPath>Interaction/Researching</clipFolderPath>
          </li>
        </grains>
        <volumeRange>
          <min>30</min>
          <max>30</max>
        </volumeRange>
        <pitchRange>
          <min>0.8</min>
          <max>1.2</max>
        </pitchRange>
        <sustainLoop>False</sustainLoop>
        <sustainIntervalRange>
          <min>5</min>
          <max>5</max>
        </sustainIntervalRange>
      </li>
    </subSounds>
  </SoundDef>
  <SoundDef>
    <defName>Harvest_Tree</defName>
    <label></label>
    <description></description>
    <sustain>True</sustain>
    <eventNames />
    <priorityMode>PrioritizeNearest</priorityMode>
    <sustainStopSound>Tree_Felled</sustainStopSound>
    <subSounds>
      <li>
        <muteWhenPaused>True</muteWhenPaused>
        <grains>
          <li Class="AudioGrain_Folder">
            <clipFolderPath>Interact/Work/Construct/Trees/Tree_Chop</clipFolderPath>
          </li>
        </grains>
        <volumeRange>
          <min>10</min>
          <max>10</max>
        </volumeRange>
        <pitchRange>
          <min>0.9408336</min>
          <max>1.207082</max>
        </pitchRange>
        <repeatMode>NeverTwice</repeatMode>
        <sustainLoop>False</sustainLoop>
      </li>
    </subSounds>
  </SoundDef>
  <SoundDef>
    <defName>Tree_Felled</defName>
    <label></label>
    <description></description>
    <eventNames />
    <subSounds>
      <li>
        <grains>
          <li Class="AudioGrain_Folder">
            <clipFolderPath>Interact/Work/Construct/Trees/Tree_Felled</clipFolderPath>
          </li>
        </grains>
        <volumeRange>
          <min>20</min>
          <max>20</max>
        </volumeRange>
        <repeatMode>NeverTwice</repeatMode>
        <sustainLoop>False</sustainLoop>
      </li>
    </subSounds>
  </SoundDef>
  <SoundDef>
    <defName>Recipe_MakeWoodPlanks_Hand</defName>
    <label></label>
    <description></description>
    <sustain>True</sustain>
    <eventNames />
    <priorityMode>PrioritizeNearest</priorityMode>
    <subSounds>
      <li>
        <muteWhenPaused>True</muteWhenPaused>
        <grains>
          <li Class="AudioGrain_Folder">
            <clipFolderPath>Interact/Work/Construct/Wood/Wood_Saw_Hand</clipFolderPath>
          </li>
        </grains>
        <volumeRange>
          <min>10</min>
          <max>10</max>
        </volumeRange>
        <pitchRange>
          <min>0.9541177</min>
          <max>1.091765</max>
        </pitchRange>
        <sustainLoop>False</sustainLoop>
      </li>
    </subSounds>
  </SoundDef>
  <SoundDef>
    <defName>Recipe_MakeWoodPlanks_Electric</defName>
    <label></label>
    <description></description>
    <sustain>True</sustain>
    <eventNames />
    <priorityMode>PrioritizeNearest</priorityMode>
    <sustainStopSound>Recipe_CircularSaw_Off</sustainStopSound>
    <subSounds>
      <li>
        <muteWhenPaused>True</muteWhenPaused>
        <grains>
          <li Class="AudioGrain_Folder">
            <clipFolderPath>Interact/Work/Construct/Wood/Wood_Saw_Circular</clipFolderPath>
          </li>
        </grains>
        <volumeRange>
          <min>10.2504</min>
          <max>11.1252</max>
        </volumeRange>
        <pitchRange>
          <min>0.9770588</min>
          <max>1.068824</max>
        </pitchRange>
        <sustainLoop>False</sustainLoop>
        <sustainIntervalRange>
          <min>-1.102564</min>
          <max>-1.102564</max>
        </sustainIntervalRange>
        <sustainRelease>0.5314582</sustainRelease>
      </li>
      <li>
        <muteWhenPaused>True</muteWhenPaused>
        <grains>
          <li Class="AudioGrain_Folder">
            <clipFolderPath>Interact/Work/Construct/Circular_Saw/Saw_Circular_Cuts</clipFolderPath>
          </li>
        </grains>
        <volumeRange>
          <min>12</min>
          <max>12</max>
        </volumeRange>
        <pitchRange>
          <min>0.8986984</min>
          <max>1.279892</max>
        </pitchRange>
        <repeatMode>Any</repeatMode>
        <sustainLoop>False</sustainLoop>
        <sustainIntervalRange>
          <min>1</min>
          <max>1</max>
        </sustainIntervalRange>
      </li>
    </subSounds>
  </SoundDef>
  <SoundDef>
    <defName>Recipe_CircularSaw_Off</defName>
    <label></label>
    <description></description>
    <eventNames />
    <maxVoices>2</maxVoices>
    <subSounds>
      <li>
        <grains>
          <li Class="AudioGrain_Clip">
            <clipPath>Interact/Work/Construct/Circular_Saw/Saw_Circular_Off/Wood_Saw_Circular_Off</clipPath>
          </li>
        </grains>
        <volumeRange>
          <min>11</min>
          <max>11</max>
        </volumeRange>
        <pitchRange>
          <min>0.9311764</min>
          <max>1.137647</max>
        </pitchRange>
        <sustainLoop>False</sustainLoop>
      </li>
    </subSounds>
  </SoundDef>
  <SoundDef>
    <defName>Interact_ConstructWood</defName>
    <label></label>
    <description></description>
    <sustain>True</sustain>
    <eventNames />
    <maxVoices>2</maxVoices>
    <priorityMode>PrioritizeNearest</priorityMode>
    <sustainStopSound>Finish_Wood</sustainStopSound>
    <subSounds>
      <li>
        <muteWhenPaused>True</muteWhenPaused>
        <grains>
          <li Class="AudioGrain_Folder">
            <clipFolderPath>Interact/Work/Construct/Wood/Construct_Wood</clipFolderPath>
          </li>
        </grains>
        <volumeRange>
          <min>12</min>
          <max>12</max>
        </volumeRange>
        <pitchRange>
          <min>0.9541177</min>
          <max>1.068824</max>
        </pitchRange>
        <sustainLoop>False</sustainLoop>
        <sustainIntervalRange>
          <min>-0.5128205</min>
          <max>-0.5128205</max>
        </sustainIntervalRange>
      </li>
      <li>
        <muteWhenPaused>True</muteWhenPaused>
        <grains>
          <li Class="AudioGrain_Folder">
            <clipFolderPath>Interact/Work/Construct/Wood/Rummage_Wood</clipFolderPath>
          </li>
        </grains>
        <volumeRange>
          <min>5</min>
          <max>6</max>
        </volumeRange>
        <pitchRange>
          <min>0.9311765</min>
          <max>1.160588</max>
        </pitchRange>
        <sustainLoop>False</sustainLoop>
      </li>
    </subSounds>
  </SoundDef>
  <SoundDef>
    <defName>Finish_Wood</defName>
    <label></label>
    <description></description>
    <eventNames />
    <subSounds>
      <li>
        <grains>
          <li Class="AudioGrain_Folder">
            <clipFolderPath>Interact/Work/Construct/Wood/Finish_Wood</clipFolderPath>
          </li>
        </grains>
        <volumeRange>
          <min>12</min>
          <max>12</max>
        </volumeRange>
        <sustainLoop>False</sustainLoop>
      </li>
    </subSounds>
  </SoundDef>
  <SoundDef>
    <defName>Interact_CleanFilth</defName>
    <label></label>
    <description></description>
    <sustain>True</sustain>
    <eventNames />
    <maxVoices>2</maxVoices>
    <priorityMode>PrioritizeNearest</priorityMode>
    <subSounds>
      <li>
        <muteWhenPaused>True</muteWhenPaused>
        <grains>
          <li Class="AudioGrain_Folder">
            <clipFolderPath>Interact/Work/Cleaning/Cleaning_Sweeping</clipFolderPath>
          </li>
        </grains>
        <volumeRange>
          <min>5</min>
          <max>5</max>
        </volumeRange>
        <pitchRange>
          <min>1</min>
          <max>1.114706</max>
        </pitchRange>
        <repeatMode>NeverTwice</repeatMode>
        <sustainLoop>False</sustainLoop>
      </li>
    </subSounds>
  </SoundDef>
  <SoundDef>
    <defName>Recipe_MakeStoneBlocks</defName>
    <label></label>
    <description></description>
    <sustain>True</sustain>
    <eventNames />
    <maxVoices>2</maxVoices>
    <priorityMode>PrioritizeNearest</priorityMode>
    <sustainStopSound>Finish_StoneBlock</sustainStopSound>
    <subSounds>
      <li>
        <muteWhenPaused>True</muteWhenPaused>
        <grains>
          <li Class="AudioGrain_Folder">
            <clipFolderPath>Interact/Work/Construct/Stone/Hammer_Stone</clipFolderPath>
          </li>
        </grains>
        <volumeRange>
          <min>1.079137</min>
          <max>10.56115</max>
        </volumeRange>
        <pitchRange>
          <min>0.9719425</min>
          <max>1.022941</max>
        </pitchRange>
        <distRange>
          <min>25</min>
          <max>50</max>
        </distRange>
        <sustainLoop>False</sustainLoop>
      </li>
      <li>
        <muteWhenPaused>True</muteWhenPaused>
        <grains>
          <li Class="AudioGrain_Folder">
            <clipFolderPath>Interact/Work/Construct/Stone/Stone_Chunk_Light</clipFolderPath>
          </li>
        </grains>
        <volumeRange>
          <min>3.578174</min>
          <max>12</max>
        </volumeRange>
        <pitchRange>
          <min>1</min>
          <max>1.185696</max>
        </pitchRange>
        <distRange>
          <min>25</min>
          <max>50</max>
        </distRange>
        <repeatMode>NeverTwice</repeatMode>
        <sustainLoop>False</sustainLoop>
      </li>
    </subSounds>
  </SoundDef>
  <SoundDef>
    <defName>Finish_StoneBlock</defName>
    <label></label>
    <description></description>
    <eventNames />
    <maxVoices>1</maxVoices>
    <priorityMode>PrioritizeNearest</priorityMode>
    <subSounds>
      <li>
        <grains>
          <li Class="AudioGrain_Clip">
            <clipPath>Interact/Work/Construct/Stone/StoneBlock_Drop/StoneBlock_Drop_1a</clipPath>
          </li>
        </grains>
        <volumeRange>
          <min>12</min>
          <max>12</max>
        </volumeRange>
        <sustainLoop>False</sustainLoop>
      </li>
    </subSounds>
  </SoundDef>
  <SoundDef>
    <defName>Recipe_ButcherCorpseFlesh</defName>
    <label></label>
    <description></description>
    <sustain>True</sustain>
    <eventNames />
    <maxVoices>2</maxVoices>
    <priorityMode>PrioritizeNearest</priorityMode>
    <subSounds>
      <li>
        <muteWhenPaused>True</muteWhenPaused>
        <grains>
          <li Class="AudioGrain_Folder">
            <clipFolderPath>Interact/Work/Butchering/Butcher_Meat</clipFolderPath>
          </li>
        </grains>
        <volumeRange>
          <min>12</min>
          <max>12</max>
        </volumeRange>
        <pitchRange>
          <min>0.9311765</min>
          <max>1.091765</max>
        </pitchRange>
        <distRange>
          <min>25</min>
          <max>50</max>
        </distRange>
        <sustainLoop>False</sustainLoop>
      </li>
    </subSounds>
  </SoundDef>
  <SoundDef>
    <defName>Recipe_ButcherCorpseMechanoid</defName>
    <label></label>
    <description></description>
    <sustain>True</sustain>
    <eventNames />
    <maxVoices>2</maxVoices>
    <priorityMode>PrioritizeNearest</priorityMode>
    <subSounds>
      <li>
        <muteWhenPaused>True</muteWhenPaused>
        <grains>
          <li Class="AudioGrain_Folder">
            <clipFolderPath>Interact/Work/Butchering/Butcher_Mechanoid/Centipede</clipFolderPath>
          </li>
        </grains>
        <volumeRange>
          <min>12</min>
          <max>12</max>
        </volumeRange>
        <pitchRange>
          <min>0.9770588</min>
          <max>1.068824</max>
        </pitchRange>
        <sustainLoop>False</sustainLoop>
        <sustainIntervalRange>
          <min>-0.3076923</min>
          <max>-0.3076923</max>
        </sustainIntervalRange>
      </li>
      <li>
        <muteWhenPaused>True</muteWhenPaused>
        <grains>
          <li Class="AudioGrain_Folder">
            <clipFolderPath>Interact/Work/Butchering/Butcher_Mechanoid/Generic</clipFolderPath>
          </li>
        </grains>
        <volumeRange>
          <min>6</min>
          <max>7</max>
        </volumeRange>
        <pitchRange>
          <min>0.8529411</min>
          <max>1</max>
        </pitchRange>
        <sustainLoop>False</sustainLoop>
        <sustainIntervalRange>
          <min>0.5128205</min>
          <max>0.5128205</max>
        </sustainIntervalRange>
      </li>
    </subSounds>
  </SoundDef>
  <SoundDef>
    <defName>Recipe_CremateCorpse</defName>
    <label></label>
    <description></description>
    <sustain>True</sustain>
    <eventNames />
    <priorityMode>PrioritizeNearest</priorityMode>
    <sustainStopSound>Crematorium_Stop</sustainStopSound>
    <subSounds>
      <li>
        <muteWhenPaused>True</muteWhenPaused>
        <grains>
          <li Class="AudioGrain_Clip">
            <clipPath>Interact/Work/Cremating/Crematorium/Crematorium_Loop</clipPath>
          </li>
        </grains>
        <volumeRange>
          <min>4.705883</min>
          <max>2.352941</max>
        </volumeRange>
        <pitchRange>
          <min>1</min>
          <max>1.013529</max>
        </pitchRange>
      </li>
      <li>
        <muteWhenPaused>True</muteWhenPaused>
        <grains>
          <li Class="AudioGrain_Folder">
            <clipFolderPath>Interact/Work/Cremating/Burning_Corpse</clipFolderPath>
          </li>
        </grains>
        <volumeRange>
          <min>11.52941</min>
          <max>12.70588</max>
        </volumeRange>
        <pitchRange>
          <min>1.145743</min>
          <max>0.9583591</max>
        </pitchRange>
        <distRange>
          <min>10</min>
          <max>50</max>
        </distRange>
        <sustainLoop>False</sustainLoop>
        <sustainIntervalRange>
          <min>-1.031524</min>
          <max>-1.031524</max>
        </sustainIntervalRange>
      </li>
    </subSounds>
  </SoundDef>
  <SoundDef>
    <defName>Recipe_CookMeal</defName>
    <label></label>
    <description></description>
    <sustain>True</sustain>
    <eventNames />
    <maxVoices>3</maxVoices>
    <priorityMode>PrioritizeNearest</priorityMode>
    <subSounds>
      <li>
        <muteWhenPaused>True</muteWhenPaused>
        <grains>
          <li Class="AudioGrain_Folder">
            <clipFolderPath>Cooking/Pan_Fry</clipFolderPath>
          </li>
        </grains>
        <volumeRange>
          <min>5</min>
          <max>5</max>
        </volumeRange>
        <pitchRange>
          <min>0.9541177</min>
          <max>1.137647</max>
        </pitchRange>
        <distRange>
          <min>10</min>
          <max>50</max>
        </distRange>
      </li>
    </subSounds>
  </SoundDef>
</DefPackage-SoundDef>