﻿<?xml version="1.0" encoding="utf-8"?>
<DefPackage-SoundDef>
  <SoundDef>
    <defName>MetalHitImportant</defName>
    <eventNames />
    <maxSimultaneous>1</maxSimultaneous>
    <subSounds>
      <li>
        <grains>
          <li Class="AudioGrain_Clip">
            <clipPath>Hiss/MetalHit</clipPath>
          </li>
        </grains>
        <volumeRange>
          <min>37</min>
          <max>37</max>
        </volumeRange>
        <pitchRange>
          <min>0.8940217</min>
          <max>1.190761</max>
        </pitchRange>
      </li>
    </subSounds>
  </SoundDef>
  <SoundDef>
    <defName>BulletImpactGround</defName>
    <eventNames />
    <maxSimultaneous>1</maxSimultaneous>
    <subSounds>
      <li>
        <grains>
          <li Class="AudioGrain_Folder">
            <clipFolderPath>Impact/Ground</clipFolderPath>
          </li>
        </grains>
        <volumeRange>
          <min>6.956522</min>
          <max>22.17392</max>
        </volumeRange>
        <pitchRange>
          <min>0.936413</min>
          <max>1.423913</max>
        </pitchRange>
      </li>
    </subSounds>
  </SoundDef>
  <SoundDef>
    <defName>BulletImpactWood</defName>
    <eventNames />
    <maxSimultaneous>1</maxSimultaneous>
    <subSounds>
      <li>
        <grains>
          <li Class="AudioGrain_Folder">
            <clipFolderPath>Impact/Ground</clipFolderPath>
          </li>
        </grains>
        <volumeRange>
          <min>6.956522</min>
          <max>22.17392</max>
        </volumeRange>
        <pitchRange>
          <min>0.936413</min>
          <max>1.423913</max>
        </pitchRange>
      </li>
    </subSounds>
  </SoundDef>
  <SoundDef>
    <defName>BulletImpactMetal</defName>
    <eventNames />
    <maxSimultaneous>1</maxSimultaneous>
    <subSounds>
      <li>
        <grains>
          <li Class="AudioGrain_Folder">
            <clipFolderPath>Impact/Metal</clipFolderPath>
          </li>
        </grains>
        <volumeRange>
          <min>6.956522</min>
          <max>22.82609</max>
        </volumeRange>
        <pitchRange>
          <min>0.9152174</min>
          <max>1.084783</max>
        </pitchRange>
        <repeatMode>Any</repeatMode>
      </li>
    </subSounds>
  </SoundDef>
  <SoundDef>
    <defName>BulletImpactFlesh</defName>
    <eventNames />
    <maxSimultaneous>1</maxSimultaneous>
    <subSounds>
      <li>
        <grains>
          <li Class="AudioGrain_Folder">
            <clipFolderPath>Impact/Flesh</clipFolderPath>
          </li>
        </grains>
        <volumeRange>
          <min>20.65217</min>
          <max>14.13043</max>
        </volumeRange>
        <pitchRange>
          <min>0.9152174</min>
          <max>1.169566</max>
        </pitchRange>
      </li>
    </subSounds>
  </SoundDef>
</DefPackage-SoundDef>