﻿<?xml version="1.0" encoding="utf-8"?>
<DefPackage-SoundDef>
  <SoundDef>
    <defName>Explosion_Bomb</defName>
    <eventNames />
    <maxSimultaneous>1</maxSimultaneous>
    <subSounds>
      <li>
        <grains>
          <li Class="AudioGrain_Clip">
            <clipPath>Explosion/ExplosionBomb</clipPath>
          </li>
        </grains>
        <volumeRange>
          <min>80</min>
          <max>80</max>
        </volumeRange>
        <pitchRange>
          <min>0.8516304</min>
          <max>1.254348</max>
        </pitchRange>
      </li>
    </subSounds>
  </SoundDef>
  <SoundDef>
    <defName>Explosion_Fire</defName>
    <eventNames />
    <maxSimultaneous>1</maxSimultaneous>
    <subSounds>
      <li>
        <grains>
          <li Class="AudioGrain_Clip">
            <clipPath>Explosion/ExplosionFire</clipPath>
          </li>
        </grains>
        <volumeRange>
          <min>80</min>
          <max>80</max>
        </volumeRange>
        <pitchRange>
          <min>0.7456522</min>
          <max>1.084783</max>
        </pitchRange>
      </li>
    </subSounds>
  </SoundDef>
</DefPackage-SoundDef>