﻿<?xml version="1.0" encoding="utf-8"?>
<DefPackage-SoundDef>
  <SoundDef>
    <defName>FireBurning</defName>
    <sustain>True</sustain>
    <eventNames />
    <maxSimultaneous>1</maxSimultaneous>
    <priorityMode>PrioritizeNearest</priorityMode>
    <subSounds>
      <li>
        <grains>
          <li Class="AudioGrain_Clip">
            <clipPath>Fire/BurningLoop</clipPath>
          </li>
        </grains>
        <volumeRange>
          <min>61</min>
          <max>61</max>
        </volumeRange>
        <pitchRange>
          <min>1.190761</min>
          <max>0.8304348</max>
        </pitchRange>
        <paramMappings>
          <li>
            <inParam Class="SoundParamSource_AggregateSize" />
            <outParam Class="SoundParamTarget_PropertyHighPass">
              <filterProperty>Cutoff</filterProperty>
            </outParam>
            <paramUpdateMode>Constant</paramUpdateMode>
            <curve>
              <points>
                <li>
                  <loc>
                    <x>0.6926602</x>
                    <y>265.3306</y>
                  </loc>
                </li>
                <li>
                  <loc>
                    <x>2.202203</x>
                    <y>50.08133</y>
                  </loc>
                </li>
                <li>
                  <loc>
                    <x>4.875373</x>
                    <y>-2.766907</y>
                  </loc>
                </li>
              </points>
            </curve>
          </li>
          <li>
            <inParam Class="SoundParamSource_AggregateSize" />
            <outParam Class="SoundParamTarget_Volume" />
            <paramUpdateMode>Constant</paramUpdateMode>
            <curve>
              <points>
                <li>
                  <loc>
                    <x>0.3816619</x>
                    <y>0.1522805</y>
                  </loc>
                </li>
                <li>
                  <loc>
                    <x>4.838721</x>
                    <y>0.9683864</y>
                  </loc>
                </li>
                <li>
                  <loc>
                    <x>13.89854</x>
                    <y>1.049647</y>
                  </loc>
                </li>
              </points>
            </curve>
          </li>
        </paramMappings>
        <filters>
          <li Class="SoundFilterHighPass">
            <cutoffFrequency>10000</cutoffFrequency>
            <highpassResonaceQ>1</highpassResonaceQ>
          </li>
        </filters>
      </li>
    </subSounds>
  </SoundDef>
  <SoundDef>
    <defName>HissSmall</defName>
    <sustain>True</sustain>
    <eventNames />
    <maxSimultaneous>1</maxSimultaneous>
    <priorityMode>PrioritizeNearest</priorityMode>
    <subSounds>
      <li>
        <name>Main hiss</name>
        <grains>
          <li Class="AudioGrain_Clip">
            <clipPath>Hiss/HissSmall</clipPath>
          </li>
        </grains>
        <volumeRange>
          <min>15</min>
          <max>15</max>
        </volumeRange>
        <pitchRange>
          <min>1.042391</min>
          <max>1.021195</max>
        </pitchRange>
        <paramMappings>
          <li>
            <inParam Class="SoundParamSource_SourceAge">
              <timeType>RealtimeSeconds</timeType>
            </inParam>
            <outParam Class="SoundParamTarget_Pitch">
              <pitchType>Multiply</pitchType>
            </outParam>
            <paramUpdateMode>Constant</paramUpdateMode>
            <curve>
              <points>
                <li>
                  <loc>
                    <x>-0.02839804</x>
                    <y>0.8161545</y>
                  </loc>
                </li>
                <li>
                  <loc>
                    <x>6.056979</x>
                    <y>1.037908</y>
                  </loc>
                </li>
                <li>
                  <loc>
                    <x>15.57441</x>
                    <y>1.26183</y>
                  </loc>
                </li>
                <li>
                  <loc>
                    <x>39.21252</x>
                    <y>1.51962</y>
                  </loc>
                </li>
              </points>
            </curve>
          </li>
        </paramMappings>
        <sustainLoopDurationRange>
          <min>5</min>
          <max>5</max>
        </sustainLoopDurationRange>
        <sustainIntervalRange>
          <min>-2.5</min>
          <max>-2.5</max>
        </sustainIntervalRange>
        <sustainAttack>2.5</sustainAttack>
        <sustainRelease>2.5</sustainRelease>
      </li>
    </subSounds>
  </SoundDef>
  <SoundDef>
    <defName>HissJet</defName>
    <sustain>True</sustain>
    <eventNames />
    <maxSimultaneous>1</maxSimultaneous>
    <priorityMode>PrioritizeNearest</priorityMode>
    <subSounds>
      <li>
        <name>Main hiss jet</name>
        <grains>
          <li Class="AudioGrain_Clip">
            <clipPath>Hiss/HissJet</clipPath>
          </li>
        </grains>
        <volumeRange>
          <min>40</min>
          <max>40</max>
        </volumeRange>
        <pitchRange>
          <min>0.936413</min>
          <max>1</max>
        </pitchRange>
        <sustainLoopDurationRange>
          <min>999</min>
          <max>999</max>
        </sustainLoopDurationRange>
      </li>
    </subSounds>
  </SoundDef>
</DefPackage-SoundDef>