﻿<?xml version="1.0" encoding="utf-8"?>
<DefPackage-SoundDef>
  <SoundDef>
    <defName>RockCollapse</defName>
    <eventNames />
    <maxSimultaneous>1</maxSimultaneous>
    <subSounds>
      <li>
        <grains>
          <li Class="AudioGrain_Clip">
            <clipPath>Building/RockCollapse</clipPath>
          </li>
        </grains>
        <volumeRange>
          <min>5</min>
          <max>11.52174</max>
        </volumeRange>
        <pitchRange>
          <min>0.4065218</min>
          <max>1.14837</max>
        </pitchRange>
      </li>
    </subSounds>
  </SoundDef>
  <SoundDef>
    <defName>RoofCollapse</defName>
    <eventNames />
    <maxSimultaneous>1</maxSimultaneous>
    <subSounds>
      <li>
        <grains>
          <li Class="AudioGrain_Clip">
            <clipPath>Building/RockCollapse</clipPath>
          </li>
        </grains>
        <volumeRange>
          <min>21.73913</min>
          <max>21.73913</max>
        </volumeRange>
      </li>
    </subSounds>
  </SoundDef>
  <SoundDef>
    <defName>PowerOnSmall</defName>
    <eventNames />
    <maxSimultaneous>1</maxSimultaneous>
    <subSounds>
      <li>
        <grains>
          <li Class="AudioGrain_Clip">
            <clipPath>Building/PowerOnSmall</clipPath>
          </li>
        </grains>
        <volumeRange>
          <min>15</min>
          <max>15</max>
        </volumeRange>
        <pitchRange>
          <min>0.936413</min>
          <max>1</max>
        </pitchRange>
      </li>
    </subSounds>
  </SoundDef>
  <SoundDef>
    <defName>PowerOffSmall</defName>
    <eventNames />
    <maxSimultaneous>1</maxSimultaneous>
    <subSounds>
      <li>
        <grains>
          <li Class="AudioGrain_Clip">
            <clipPath>Building/PowerOffSmall</clipPath>
          </li>
        </grains>
        <volumeRange>
          <min>15</min>
          <max>15</max>
        </volumeRange>
        <pitchRange>
          <min>0.9152174</min>
          <max>1.021196</max>
        </pitchRange>
      </li>
    </subSounds>
  </SoundDef>
  <SoundDef>
    <defName>DispensePaste</defName>
    <eventNames />
    <maxSimultaneous>1</maxSimultaneous>
    <subSounds>
      <li>
        <grains>
          <li Class="AudioGrain_Clip">
            <clipPath>Interaction/Food/Dispense/DispensePaste</clipPath>
          </li>
        </grains>
        <volumeRange>
          <min>15</min>
          <max>20.43478</max>
        </volumeRange>
        <pitchRange>
          <min>0.9152174</min>
          <max>1.042391</max>
        </pitchRange>
      </li>
    </subSounds>
  </SoundDef>
  <SoundDef>
    <defName>DropPodFall</defName>
    <eventNames />
    <maxSimultaneous>1</maxSimultaneous>
    <subSounds>
      <li>
        <grains>
          <li Class="AudioGrain_Clip">
            <clipPath>Various/DropPodFall</clipPath>
          </li>
        </grains>
        <volumeRange>
          <min>25</min>
          <max>25</max>
        </volumeRange>
        <pitchRange>
          <min>0.8940217</min>
          <max>1.296739</max>
        </pitchRange>
      </li>
    </subSounds>
  </SoundDef>
  <SoundDef>
    <defName>DropPodOpen</defName>
    <eventNames />
    <maxSimultaneous>1</maxSimultaneous>
    <subSounds>
      <li>
        <grains>
          <li Class="AudioGrain_Clip">
            <clipPath>Various/DropPodOpen</clipPath>
          </li>
        </grains>
        <volumeRange>
          <min>10</min>
          <max>18.69565</max>
        </volumeRange>
        <pitchRange>
          <min>0.8940217</min>
          <max>1.084783</max>
        </pitchRange>
      </li>
    </subSounds>
  </SoundDef>
  <SoundDef>
    <defName>HarvestReady</defName>
    <eventNames />
    <maxSimultaneous>1</maxSimultaneous>
    <subSounds>
      <li>
        <grains>
          <li Class="AudioGrain_Clip">
            <clipPath>Various/HarvestReady</clipPath>
          </li>
        </grains>
        <volumeRange>
          <min>15</min>
          <max>15</max>
        </volumeRange>
        <pitchRange>
          <min>0.8092391</min>
          <max>1.254348</max>
        </pitchRange>
      </li>
    </subSounds>
  </SoundDef>
</DefPackage-SoundDef>