﻿<?xml version="1.0" encoding="utf-8"?>
<DefPackage-SoundDef>
  <SoundDef>
    <defName>DoorOpenPowered</defName>
    <label></label>
    <description></description>
    <eventNames />
    <maxSimultaneous>1</maxSimultaneous>
    <subSounds>
      <li>
        <name>False</name>
        <grains>
          <li Class="AudioGrain_Clip">
            <clipPath>Door/DoorOpen</clipPath>
          </li>
        </grains>
        <volumeRange>
          <min>4.294533</min>
          <max>5</max>
        </volumeRange>
        <pitchRange>
          <min>0.862353</min>
          <max>1.183529</max>
        </pitchRange>
      </li>
    </subSounds>
  </SoundDef>
  <SoundDef>
    <defName>DoorClosePowered</defName>
    <label></label>
    <description></description>
    <eventNames />
    <maxSimultaneous>1</maxSimultaneous>
    <subSounds>
      <li>
        <name>False</name>
        <grains>
          <li Class="AudioGrain_Clip">
            <clipPath>Door/DoorClose</clipPath>
          </li>
        </grains>
        <volumeRange>
          <min>2.826087</min>
          <max>2.826087</max>
        </volumeRange>
        <pitchRange>
          <min>0.936413</min>
          <max>1.095094</max>
        </pitchRange>
      </li>
    </subSounds>
  </SoundDef>
  <SoundDef>
    <defName>DoorOpenManual</defName>
    <label></label>
    <description></description>
    <eventNames />
    <maxSimultaneous>1</maxSimultaneous>
    <subSounds>
      <li>
        <name>False</name>
        <grains>
          <li Class="AudioGrain_Clip">
            <clipPath>Door/DoorOpenManual</clipPath>
          </li>
        </grains>
        <volumeRange>
          <min>6.470588</min>
          <max>9.826035</max>
        </volumeRange>
        <pitchRange>
          <min>0.8852941</min>
          <max>1.114706</max>
        </pitchRange>
      </li>
    </subSounds>
  </SoundDef>
  <SoundDef>
    <defName>DoorCloseManual</defName>
    <label></label>
    <description></description>
    <eventNames />
    <maxSimultaneous>1</maxSimultaneous>
    <subSounds>
      <li>
        <name>False</name>
        <grains>
          <li Class="AudioGrain_Clip">
            <clipPath>Door/DoorCloseManual</clipPath>
          </li>
        </grains>
        <volumeRange>
          <min>8.823529</min>
          <max>10</max>
        </volumeRange>
        <pitchRange>
          <min>0.862353</min>
          <max>1.137647</max>
        </pitchRange>
      </li>
    </subSounds>
  </SoundDef>
</DefPackage-SoundDef>