﻿<?xml version="1.0" encoding="utf-8"?>
<DefPackage-SoundDef>
  <SoundDef>
    <defName>AmbientNightInsects</defName>
    <label></label>
    <description></description>
    <sustain>True</sustain>
    <eventNames />
    <priorityMode>PrioritizeNearest</priorityMode>
    <subSounds>
      <li>
        <name>Main</name>
        <onCamera>True</onCamera>
        <grains>
          <li Class="AudioGrain_Clip">
            <clipPath>Ambiences/Amb_Night_Insects1a_Loop</clipPath>
          </li>
        </grains>
        <volumeRange>
          <min>1.408217</min>
          <max>1.408217</max>
        </volumeRange>
        <pitchRange>
          <min>0.9165775</min>
          <max>1.114706</max>
        </pitchRange>
        <paramMappings>
          <li>
            <inParam Class="SoundParamSource_CameraAltitude" />
            <outParam Class="SoundParamTarget_Volume" />
            <paramUpdateMode>Constant</paramUpdateMode>
            <curve>
              <points>
                <li>
                  <loc>
                    <x>11.0473</x>
                    <y>0.9918624</y>
                  </loc>
                </li>
                <li>
                  <loc>
                    <x>27.45536</x>
                    <y>0.2410323</y>
                  </loc>
                </li>
                <li>
                  <loc>
                    <x>42.48009</x>
                    <y>-0.004399121</y>
                  </loc>
                </li>
              </points>
            </curve>
          </li>
          <li>
            <inParam Class="SoundParamSource_TimeOfDay" />
            <outParam Class="SoundParamTarget_Volume" />
            <paramUpdateMode>Constant</paramUpdateMode>
            <curve>
              <points>
                <li>
                  <loc>
                    <x>1.743164</x>
                    <y>1.004483</y>
                  </loc>
                </li>
                <li>
                  <loc>
                    <x>3.74354</x>
                    <y>-0.002942368</y>
                  </loc>
                </li>
                <li>
                  <loc>
                    <x>19.08203</x>
                    <y>-0.008623362</y>
                  </loc>
                </li>
                <li>
                  <loc>
                    <x>22.03683</x>
                    <y>0.9950145</y>
                  </loc>
                </li>
              </points>
            </curve>
          </li>
        </paramMappings>
        <sustainLoopDurationRange>
          <min>40</min>
          <max>80</max>
        </sustainLoopDurationRange>
        <sustainIntervalRange>
          <min>-20</min>
          <max>-20</max>
        </sustainIntervalRange>
        <sustainAttack>20</sustainAttack>
        <sustainRelease>20</sustainRelease>
      </li>
    </subSounds>
  </SoundDef>
  <SoundDef>
    <defName>AmbientAltitudeWind</defName>
    <label></label>
    <description></description>
    <sustain>True</sustain>
    <eventNames />
    <priorityMode>PrioritizeNearest</priorityMode>
    <subSounds>
      <li>
        <name>main</name>
        <onCamera>True</onCamera>
        <grains>
          <li Class="AudioGrain_Clip">
            <clipPath>Ambiences/Wind/Amb_Wind_Altitude1_Loop</clipPath>
          </li>
        </grains>
        <volumeRange>
          <min>9.591436</min>
          <max>9.591436</max>
        </volumeRange>
        <paramMappings>
          <li>
            <inParam Class="SoundParamSource_CameraAltitude" />
            <outParam Class="SoundParamTarget_Volume" />
            <paramUpdateMode>Constant</paramUpdateMode>
            <curve>
              <points>
                <li>
                  <loc>
                    <x>37.59342</x>
                    <y>-0.008144975</y>
                  </loc>
                </li>
                <li>
                  <loc>
                    <x>50.79147</x>
                    <y>0.3525248</y>
                  </loc>
                </li>
                <li>
                  <loc>
                    <x>64.42703</x>
                    <y>0.9864293</y>
                  </loc>
                </li>
              </points>
            </curve>
          </li>
        </paramMappings>
      </li>
    </subSounds>
  </SoundDef>
  <SoundDef>
    <defName>Thunder_OffMap</defName>
    <label></label>
    <description></description>
    <eventNames />
    <subSounds>
      <li>
        <name></name>
        <onCamera>True</onCamera>
        <grains>
          <li Class="AudioGrain_Folder">
            <clipFolderPath>Ambiences/Thunder/OffMap</clipFolderPath>
          </li>
        </grains>
        <volumeRange>
          <min>5.294125</min>
          <max>26.47059</max>
        </volumeRange>
        <pitchRange>
          <min>0.8164706</min>
          <max>1.160588</max>
        </pitchRange>
      </li>
    </subSounds>
  </SoundDef>
  <SoundDef>
    <defName>Thunder_OnMap</defName>
    <label></label>
    <description></description>
    <eventNames />
    <subSounds>
      <li>
        <name>main</name>
        <onCamera>True</onCamera>
        <grains>
          <li Class="AudioGrain_Folder">
            <clipFolderPath>Ambiences/Thunder/OnMap</clipFolderPath>
          </li>
        </grains>
        <volumeRange>
          <min>40.25788</min>
          <max>63.18052</max>
        </volumeRange>
        <pitchRange>
          <min>0.7541547</min>
          <max>1.268195</max>
        </pitchRange>
      </li>
    </subSounds>
  </SoundDef>
  <SoundDef>
    <defName>AmbientWind_Clear</defName>
    <label></label>
    <description></description>
    <sustain>True</sustain>
    <eventNames />
    <priorityMode>PrioritizeNearest</priorityMode>
    <subSounds>
      <li>
        <name>MainWind</name>
        <onCamera>True</onCamera>
        <grains>
          <li Class="AudioGrain_Clip">
            <clipPath>Ambiences/Wind/Amb_Wind_Clear1_Loop</clipPath>
          </li>
        </grains>
        <volumeRange>
          <min>4.2</min>
          <max>4.2</max>
        </volumeRange>
        <pitchRange>
          <min>0.8973684</min>
          <max>1.148246</max>
        </pitchRange>
        <paramMappings>
          <li>
            <inParam Class="SoundParamSource_CameraAltitude" />
            <outParam Class="SoundParamTarget_Volume" />
            <paramUpdateMode>Constant</paramUpdateMode>
            <curve>
              <points>
                <li>
                  <loc>
                    <x>1</x>
                    <y>1</y>
                  </loc>
                </li>
                <li>
                  <loc>
                    <x>40.93931</x>
                    <y>0.9981107</y>
                  </loc>
                </li>
                <li>
                  <loc>
                    <x>60.05113</x>
                    <y>-0.001349449</y>
                  </loc>
                </li>
              </points>
            </curve>
          </li>
          <li>
            <inParam Class="SoundParamSource_External">
              <inParamName>LerpFactor</inParamName>
              <defaultValue>0</defaultValue>
            </inParam>
            <outParam Class="SoundParamTarget_Volume" />
            <paramUpdateMode>Constant</paramUpdateMode>
            <curve>
              <points>
                <li>
                  <loc>
                    <x>0</x>
                    <y>0</y>
                  </loc>
                </li>
                <li>
                  <loc>
                    <x>1</x>
                    <y>1</y>
                  </loc>
                </li>
              </points>
            </curve>
          </li>
        </paramMappings>
        <sustainLoopDurationRange>
          <min>30</min>
          <max>50</max>
        </sustainLoopDurationRange>
        <sustainIntervalRange>
          <min>-10</min>
          <max>-10</max>
        </sustainIntervalRange>
        <sustainAttack>10</sustainAttack>
        <sustainRelease>10</sustainRelease>
      </li>
    </subSounds>
  </SoundDef>
  <SoundDef>
    <defName>AmbientWind_Fog</defName>
    <label></label>
    <description></description>
    <sustain>True</sustain>
    <eventNames />
    <priorityMode>PrioritizeNearest</priorityMode>
    <subSounds>
      <li>
        <name>main</name>
        <onCamera>True</onCamera>
        <grains>
          <li Class="AudioGrain_Clip">
            <clipPath>Ambiences/Wind/Amb_Wind_Fog2_Loop</clipPath>
          </li>
        </grains>
        <volumeRange>
          <min>4.2</min>
          <max>4.2</max>
        </volumeRange>
        <paramMappings>
          <li>
            <inParam Class="SoundParamSource_CameraAltitude" />
            <outParam Class="SoundParamTarget_Volume" />
            <paramUpdateMode>Constant</paramUpdateMode>
            <curve>
              <points>
                <li>
                  <loc>
                    <x>1</x>
                    <y>1</y>
                  </loc>
                </li>
                <li>
                  <loc>
                    <x>40.93931</x>
                    <y>0.9981107</y>
                  </loc>
                </li>
                <li>
                  <loc>
                    <x>60.05113</x>
                    <y>-0.001349449</y>
                  </loc>
                </li>
              </points>
            </curve>
          </li>
          <li>
            <inParam Class="SoundParamSource_External">
              <inParamName>LerpFactor</inParamName>
              <defaultValue>0</defaultValue>
            </inParam>
            <outParam Class="SoundParamTarget_Volume" />
            <paramUpdateMode>Constant</paramUpdateMode>
            <curve>
              <points>
                <li>
                  <loc>
                    <x>0</x>
                    <y>0</y>
                  </loc>
                </li>
                <li>
                  <loc>
                    <x>1</x>
                    <y>1</y>
                  </loc>
                </li>
              </points>
            </curve>
          </li>
        </paramMappings>
      </li>
    </subSounds>
  </SoundDef>
  <SoundDef>
    <defName>AmbientRain</defName>
    <label></label>
    <description></description>
    <sustain>True</sustain>
    <eventNames />
    <priorityMode>PrioritizeNearest</priorityMode>
    <subSounds>
      <li>
        <onCamera>True</onCamera>
        <grains>
          <li Class="AudioGrain_Clip">
            <clipPath>Ambiences/Amb_Raining2_Loop</clipPath>
          </li>
        </grains>
        <volumeRange>
          <min>8.235298</min>
          <max>8.235298</max>
        </volumeRange>
        <paramMappings>
          <li>
            <inParam Class="SoundParamSource_CameraAltitude" />
            <outParam Class="SoundParamTarget_Volume" />
            <paramUpdateMode>Constant</paramUpdateMode>
            <curve>
              <points>
                <li>
                  <loc>
                    <x>1</x>
                    <y>1</y>
                  </loc>
                </li>
                <li>
                  <loc>
                    <x>33.34967</x>
                    <y>0.9631265</y>
                  </loc>
                </li>
                <li>
                  <loc>
                    <x>69.43261</x>
                    <y>0.5882397</y>
                  </loc>
                </li>
              </points>
            </curve>
          </li>
          <li>
            <inParam Class="SoundParamSource_External">
              <inParamName>LerpFactor</inParamName>
              <defaultValue>0</defaultValue>
            </inParam>
            <outParam Class="SoundParamTarget_Volume" />
            <paramUpdateMode>Constant</paramUpdateMode>
            <curve>
              <points>
                <li>
                  <loc>
                    <x>0</x>
                    <y>0</y>
                  </loc>
                </li>
                <li>
                  <loc>
                    <x>1</x>
                    <y>1</y>
                  </loc>
                </li>
              </points>
            </curve>
          </li>
        </paramMappings>
      </li>
    </subSounds>
  </SoundDef>
  <SoundDef>
    <defName>AmbientWind_Storm</defName>
    <label></label>
    <description></description>
    <sustain>True</sustain>
    <eventNames />
    <priorityMode>PrioritizeNearest</priorityMode>
    <subSounds>
      <li>
        <onCamera>True</onCamera>
        <grains>
          <li Class="AudioGrain_Clip">
            <clipPath>Ambiences/Wind/Amb_Wind_Thunder1_Loop</clipPath>
          </li>
        </grains>
        <volumeRange>
          <min>33.3961</min>
          <max>33.3961</max>
        </volumeRange>
        <paramMappings>
          <li>
            <inParam Class="SoundParamSource_CameraAltitude" />
            <outParam Class="SoundParamTarget_Volume" />
            <paramUpdateMode>Constant</paramUpdateMode>
            <curve>
              <points>
                <li>
                  <loc>
                    <x>1</x>
                    <y>1</y>
                  </loc>
                </li>
                <li>
                  <loc>
                    <x>40.93931</x>
                    <y>0.9981107</y>
                  </loc>
                </li>
                <li>
                  <loc>
                    <x>60.05113</x>
                    <y>-0.001349449</y>
                  </loc>
                </li>
              </points>
            </curve>
          </li>
          <li>
            <inParam Class="SoundParamSource_External">
              <inParamName>LerpFactor</inParamName>
              <defaultValue>0</defaultValue>
            </inParam>
            <outParam Class="SoundParamTarget_Volume" />
            <paramUpdateMode>Constant</paramUpdateMode>
            <curve>
              <points>
                <li>
                  <loc>
                    <x>0</x>
                    <y>0</y>
                  </loc>
                </li>
                <li>
                  <loc>
                    <x>1</x>
                    <y>1</y>
                  </loc>
                </li>
              </points>
            </curve>
          </li>
        </paramMappings>
      </li>
    </subSounds>
  </SoundDef>
</DefPackage-SoundDef>