﻿<?xml version="1.0" encoding="utf-8" ?>
<RecipeDefs>

	<RecipeDef>
		<defName>ButcherCorpseFlesh</defName>
		<label>Butcher creature</label>
		<description>Butchers a creature to obtain its meat in usable form.</description>
		<jobString>Butchering.</jobString>
		<workAmount>200</workAmount>
		<workEffect>ButcherFlesh</workEffect>
		<workTimeSkillNeed>ButcheryFleshTime</workTimeSkillNeed>
		<efficiencySkillNeed>ButcheryFleshEfficiency</efficiencySkillNeed>
    <sustainerSoundDef>Recipe_ButcherCorpseFlesh</sustainerSoundDef>
    <ingredients>
			<li>
				<filter>
					<categories>
						<li>Corpses</li>
					</categories>
				</filter>
				<count>1</count>
			</li>
		</ingredients>
		<specialProducts>
			<li>Butchery</li>
		</specialProducts>
		<fixedIngredientFilter>
			<categories>
				<li>Corpses</li>
			</categories>
			<exceptedCategories>
				<li>CorpsesMechanoid</li>
			</exceptedCategories>
		</fixedIngredientFilter>
		<defaultIngredientFilter>
			<categories>
				<li>CorpsesAnimal</li>
			</categories>
      <specialFiltersToDisallow>
        <li>AllowBuried</li>
      </specialFiltersToDisallow>
		</defaultIngredientFilter>
	</RecipeDef>

  
  
  <RecipeDef>
    <defName>ButcherCorpseMechanoid</defName>
    <label>Disassemble mechanoid</label>
    <description>Disassembles a dead mechanoid into its component parts.</description>
    <jobString>Disassembling mechanoid.</jobString>
    <workAmount>400</workAmount>
    <workEffect>ButcherMechanoid</workEffect>
    <workTimeSkillNeed>ButcheryMechanoidTime</workTimeSkillNeed>
    <efficiencySkillNeed>ButcheryMechanoidEfficiency</efficiencySkillNeed>
    <sustainerSoundDef>Recipe_ButcherCorpseMechanoid</sustainerSoundDef>
    <ingredients>
      <li>
        <filter>
          <categories>
            <li>Corpses</li>
          </categories>
        </filter>
        <count>1</count>
      </li>
    </ingredients>
    <specialProducts>
      <li>Butchery</li>
    </specialProducts>
    <fixedIngredientFilter>
      <categories>
        <li>CorpsesMechanoid</li>
      </categories>
      <specialFiltersToDisallow>
        <li>AllowBuried</li>
      </specialFiltersToDisallow>
    </fixedIngredientFilter>
  </RecipeDef>

  
  
</RecipeDefs>