﻿<?xml version="1.0" encoding="utf-8" ?>
<RecipeDefs>

  <RecipeDef>
    <defName>CremateCorpse</defName>
    <label>Cremate corpse</label>
    <description>Cremate a corpse to completely destroy it.</description>
    <jobString>Cremating.</jobString>
    <workAmount>300</workAmount>
    <workEffect>CremateCorpse</workEffect>
    <sustainerSoundDef>Recipe_CremateCorpse</sustainerSoundDef>
    <ingredients>
      <li>
        <filter>
          <categories>
            <li>Corpses</li>
          </categories>
        </filter>
        <count>1</count>
      </li>
    </ingredients>
    <fixedIngredientFilter>
      <categories>
        <li>Corpses</li>
      </categories>
      <exceptedCategories>
        <li>CorpsesMechanoid</li>
      </exceptedCategories>
    </fixedIngredientFilter>
    <defaultIngredientFilter>
      <thingDefs>
        <li>Human_Corpse</li>
      </thingDefs>
      <specialFiltersToAllow>
        <li>AllowCorpsesColonist</li>
        <li>AllowCorpsesStranger</li>
      </specialFiltersToAllow>
    </defaultIngredientFilter>
  </RecipeDef>



</RecipeDefs>