﻿<?xml version="1.0" encoding="utf-8" ?>
<NameMakerDefs>

  <NameMakerDef>
    <defName>NamerFactionSpacer</defName>
    <patterns>
      <li>Spacer</li>
    </patterns>
  </NameMakerDef>
  
  
	<NameMakerDef>
		<defName>NamerFactionPirate</defName>
		<patterns>
			<li>The BADASSANIMALs</li>
			<li>The BADASSANIMAL Men</li>
			<li>The BADASSANIMALs of BADASSCONCEPT</li>
			<li>The BADASSPERSONs of BADASSCONCEPT</li>
			<li>The BADASSPERSONs</li>
			<li>The WEAPON Men</li>
			<li>The WEAPONs</li>
			<li>The WEAPON BADASSANIMALs</li>
			<li>The COLORBADASS WEAPONs</li>
			<li>The COLORBADASS BADASSANIMALs</li>
			<li>The COLORBADASS BADASSPERSONs</li>
			<li>The BADASSPERSON GROUPNAME</li>
			<li>WEAPON GROUPNAME</li>
			<li>BADASSCONCEPT GROUPNAME</li>
			<li>BADASSCONCEPTGROUPNAME</li>
			<li>BADASSANIMALs TERRAINFEATURE</li>
		</patterns>
		<patternFillers>
			<li>
				<keyString>BADASSANIMAL</keyString>
				<fillInFiles>
					<li>NameBanks/Nouns_BadassAnimals</li>
				</fillInFiles>
			</li>
			<li>
				<keyString>BADASSPERSON</keyString>
				<fillInFiles>
					<li>NameBanks/Nouns_BadassPersons</li>
				</fillInFiles>
			</li>
			<li>
				<keyString>BADASSCONCEPT</keyString>
				<fillInFiles>
					<li>NameBanks/Nouns_Concepts_Badass</li>
				</fillInFiles>
			</li>
			<li>
				<keyString>WEAPON</keyString>
				<fillInFiles>
					<li>NameBanks/Nouns_Weapons</li>
				</fillInFiles>
			</li>
			<li>
				<keyString>GROUPNAME</keyString>
				<fillInFiles>
					<li>NameBanks/Nouns_GroupNames</li>
				</fillInFiles>
			</li>
			<li>
				<keyString>TERRAINFEATURE</keyString>
				<fillInFiles>
					<li>NameBanks/Nouns_TerrainFeatures</li>
				</fillInFiles>
			</li>
			<li>
				<keyString>COLORBADASS</keyString>
				<fillInFiles>
					<li>NameBanks/ColorsBadass</li>
				</fillInFiles>
			</li>
		</patternFillers>
	</NameMakerDef>



  <NameMakerDef>
    <defName>NamerColony</defName>
    <patterns>
      <li>COLONYNAME</li>
    </patterns>
    <patternFillers>
      <li>
        <keyString>COLONYNAME</keyString>
        <fillInFiles>
          <li>NameBanks/ColonyNames</li>
        </fillInFiles>
      </li>
    </patternFillers>
  </NameMakerDef>
  
  

	<NameMakerDef>
		<defName>NamerFactionOutlander</defName>
		<patterns>
			<li>POSITIVECONCEPT's TERRAINFEATURE</li>
			<li>OUTLANDER's TERRAINFEATURE</li>
			<li>OUTLANDER's COMMUNITY</li>
			<li>COMMUNITY-at-the-TERRAINFEATURE</li>
		</patterns>
		<patternFillers>
			<li>
				<keyString>POSITIVECONCEPT</keyString>
				<fillInFiles>
					<li>NameBanks/Nouns_Concepts_Positive</li>
				</fillInFiles>
			</li>
			<li>
				<keyString>COMMUNITY</keyString>
				<fillInFiles>
					<li>NameBanks/Nouns_Communities</li>
				</fillInFiles>
			</li>
			<li>
				<keyString>TERRAINFEATURE</keyString>
				<fillInFiles>
					<li>NameBanks/Nouns_TerrainFeatures</li>
				</fillInFiles>
			</li>
			<li>
				<keyString>COLOR</keyString>
				<fillInFiles>
					<li>NameBanks/Colors</li>
				</fillInFiles>
			</li>
			<li>
				<keyString>OUTLANDER</keyString>
				<fillInFiles>
					<li>NameBanks/Nouns_People_Outlanders</li>
					<li>NameBanks/Nouns_People_Family</li>
				</fillInFiles>
			</li>
		</patternFillers>
	</NameMakerDef>




	<NameMakerDef>
		<defName>NamerFactionTribal</defName>
		<patterns>
			<li>TRIBALWORDA TRIBALWORDB</li>
			<li>TRIBALWORDA TRIBALWORDB</li>
			<li>TRIBALWORDA TRIBALWORDB TRIBALWORDC</li>
			<li>TRIBALWORDA of ANIMAL</li>
			<li>COLOR ANIMAL TRIBALWORDA</li>
			<li>The TRIBALWORDA of the TERRAINFEATURE</li>
			<li>The COLOR TERRAINFEATURE People</li>
		</patterns>
		<patternFillers>
			<li>
				<keyString>TRIBALWORDA</keyString>
				<fillInFiles>
					<li>NameBanks/TribalWords</li>
				</fillInFiles>
			</li>
			<li>
				<keyString>TRIBALWORDB</keyString>
				<fillInFiles>
					<li>NameBanks/TribalWords</li>
				</fillInFiles>
			</li>
			<li>
				<keyString>TRIBALWORDC</keyString>
				<fillInFiles>
					<li>NameBanks/TribalWords</li>
				</fillInFiles>
			</li>
			<li>
				<keyString>ANIMAL</keyString>
				<fillInFiles>
					<li>NameBanks/Nouns_Animals</li>
				</fillInFiles>
			</li>
			<li>
				<keyString>COLOR</keyString>
				<fillInFiles>
					<li>NameBanks/Colors</li>
				</fillInFiles>
			</li>
			<li>
				<keyString>TERRAINFEATURE</keyString>
				<fillInFiles>
					<li>NameBanks/Nouns_TerrainFeatures</li>
				</fillInFiles>
			</li>
		</patternFillers>
	</NameMakerDef>





</NameMakerDefs>







