﻿<?xml version="1.0" encoding="utf-8" ?>
<ThoughtDefs>


	<ThoughtDef>
		<defName>AteRawFood</defName>
		<label>Ate raw food</label>
		<description>I had to eat raw food. Can't we cook it, or at least synthesize some nutrient paste?</description>
		<baseMoodEffect>-1</baseMoodEffect>
		<duration>20000</duration>
		<stackLimit>3</stackLimit>
	</ThoughtDef>


	<ThoughtDef>
		<defName>AteNutrientPasteMeal</defName>
		<label>Ate nutrient paste</label>
		<description>I had to eat nutrient paste. I know it keeps you alive, but nobody wants to swallow that glop.</description>
		<baseMoodEffect>-1</baseMoodEffect>
		<duration>20000</duration>
		<stackLimit>3</stackLimit>
	</ThoughtDef>


	<ThoughtDef>
		<defName>AteFineMeal</defName>
		<label>Ate fine meal</label>
		<description>I ate a really tasty fine meal. Yum!</description>
		<baseMoodEffect>5</baseMoodEffect>
		<duration>20000</duration>
		<stackLimit>1</stackLimit>
	</ThoughtDef>


	<ThoughtDef>
		<defName>AteLavishMeal</defName>
		<label>Ate lavish meal</label>
		<description>That lavish meal was amazing. It nourished my body and my soul.</description>
		<baseMoodEffect>10</baseMoodEffect>
		<duration>20000</duration>
		<stackLimit>1</stackLimit>
	</ThoughtDef>


	<ThoughtDef>
		<defName>AteHumanoidMeatDirect</defName>
		<label>Raw cannibalism</label>
		<description>I ate the meat of another human, raw, like an animal. This is a nightmare.</description>
		<baseMoodEffect>-1</baseMoodEffect>
		<duration>40000</duration>
		<stackedEffectMultiplier>0.25</stackedEffectMultiplier>
		<stackLimit>3</stackLimit>
	</ThoughtDef>

	<ThoughtDef>
		<defName>AteHumanoidMeatAsIngredient</defName>
		<label>Cooked cannibalism</label>
		<description>I ate a meal made from the meat of another human. This is horrible.</description>
		<baseMoodEffect>-1</baseMoodEffect>
		<duration>40000</duration>
		<stackedEffectMultiplier>0.25</stackedEffectMultiplier>
		<stackLimit>3</stackLimit>
	</ThoughtDef>

	<ThoughtDef>
		<defName>ButcheredHumanoidCorpse</defName>
		<label>Butchered humanoid</label>
		<description>I just butchered someone up like an animal.</description>
		<baseMoodEffect>-1</baseMoodEffect>
		<duration>20000</duration>
		<stackLimit>1</stackLimit>
	</ThoughtDef>



  <ThoughtDef>
    <defName>AteWithoutTable</defName>
    <label>Ate off the ground </label>
    <description>I had to eat a meal off the ground. Can't we get a tables around here?</description>
    <baseMoodEffect>-1</baseMoodEffect>
    <duration>10000</duration>
    <stackLimit>3</stackLimit>
  </ThoughtDef>







  <ThoughtDef>
		<defName>ObservedLayingCorpse</defName>
		<label>Observed corpse</label>
		<description>I saw a dead body laying on the ground.</description>
		<baseMoodEffect>-1</baseMoodEffect>
		<baseFearEffect>5</baseFearEffect>
		<duration>10000</duration>
		<stackedEffectMultiplier>0.3</stackedEffectMultiplier>
		<stackLimit>3</stackLimit>
	</ThoughtDef>

  <!--
	<ThoughtDef>
		<defName>ObservedGibbetCageEmpty</defName>
		<label>Observed empty gibbet cage</label>
		<description>Those gibbet cages look so cruel.</description>
		<baseMoodEffect>-2</baseMoodEffect>
		<baseFearEffect>5</baseFearEffect>
		<duration>10000</duration>
		<stackedEffectMultiplier>0.5</stackedEffectMultiplier>
		<stackLimit>3</stackLimit>
	</ThoughtDef>

	<ThoughtDef>
		<defName>ObservedGibbetCageFullStranger</defName>
		<label>Observed dead stranger in gibbet cage</label>
		<description>I saw a dead stranger on display in a gibbet cage. What a cruel place.</description>
		<baseMoodEffect>-3</baseMoodEffect>
		<baseFearEffect>10</baseFearEffect>
		<duration>10000</duration>
		<stackedEffectMultiplier>0.5</stackedEffectMultiplier>
		<stackLimit>3</stackLimit>
	</ThoughtDef>

	<ThoughtDef>
		<defName>ObservedGibbetCageFullColonist</defName>
		<label>Observed dead colonist in gibbet cage</label>
		<description>I saw one of our own dead in the gibbet cage. I've talked to that person. This place is terrifying.</description>
		<baseMoodEffect>-12</baseMoodEffect>
		<baseFearEffect>15</baseFearEffect>
		<duration>10000</duration>
		<stackedEffectMultiplier>0.5</stackedEffectMultiplier>
		<stackLimit>3</stackLimit>
	</ThoughtDef>
  -->



	<ThoughtDef>
		<defName>NewColonyOptimism</defName>
		<label>New colony optimism</label>
		<description>We just landed here. It's a tough situation, but I'm excited to be founding a new colony.</description>
		<baseMoodEffect>35</baseMoodEffect>
		<duration>200000</duration>
		<nextThought>NewColonyHope</nextThought>
	</ThoughtDef>


	<ThoughtDef>
		<defName>NewColonyHope</defName>
		<label>New colony hope</label>
		<description>I'm getting used to this, but it's still an exciting new situation. I hope this works out...</description>
		<baseMoodEffect>15</baseMoodEffect>
		<duration>200000</duration>
	</ThoughtDef>



	<ThoughtDef>
		<defName>SleptOutside</defName>
		<label>Slept outside</label>
		<description>I had to sleep outdoors without any protection from the elements.</description>
		<baseMoodEffect>-1</baseMoodEffect>
		<duration>20000</duration>
		<stackLimit>1</stackLimit>
	</ThoughtDef>

  <ThoughtDef>
    <defName>SleptOnGround</defName>
    <label>Slept on ground</label>
    <description>I had to sleep on the ground like an animal.</description>
    <baseMoodEffect>-1</baseMoodEffect>
    <duration>20000</duration>
    <stackLimit>1</stackLimit>
  </ThoughtDef> 
  
  
  
	<ThoughtDef>
		<defName>BattleWounded</defName>
		<label>Wounded</label>
		<description>That's my blood! I've been wounded in a fight!</description>
		<baseMoodEffect>-1</baseMoodEffect>
		<baseFearEffect>20</baseFearEffect>
		<duration>40000</duration>
		<stackLimit>1</stackLimit>
	</ThoughtDef>

	<ThoughtDef>
		<defName>KnowPrisonerBeaten</defName>
		<label>A prisoner was beaten</label>
		<description>They're beating a prisoner.</description>
		<baseFearEffect>1</baseFearEffect>
		<duration>20000</duration>
		<stackLimit>1</stackLimit>
	</ThoughtDef>

	<ThoughtDef>
		<defName>KnowPrisonerSold</defName>
		<label>A prisoner was sold</label>
		<description>This colony sold a prisoner into slavery. That's a worrying thought.</description>
		<baseMoodEffect>-1</baseMoodEffect>
		<baseFearEffect>8</baseFearEffect>
		<duration>100000</duration>
		<stackLimit>5</stackLimit>
	</ThoughtDef>

	<ThoughtDef>
		<defName>KnowPrisonerExecuted</defName>
		<label>A prisoner was executed</label>
		<description>A prisoner was executed in cold blood. This colony seems more evil by the day.</description>
		<baseMoodEffect>-1</baseMoodEffect>
		<baseFearEffect>40</baseFearEffect>
		<duration>200000</duration>
		<stackLimit>5</stackLimit>
	</ThoughtDef>


	<ThoughtDef>
		<defName>WitnessedDeathAlly</defName>
		<label>Witnessed ally's death</label>
		<description>I saw one of my people die. They were alive one moment, and dead the next.</description>
		<baseMoodEffect>-1</baseMoodEffect>
		<baseFearEffect>20</baseFearEffect>
		<duration>60000</duration>
		<stackedEffectMultiplier>0.4</stackedEffectMultiplier>
		<stackLimit>5</stackLimit>
	</ThoughtDef>

  <ThoughtDef>
    <defName>WitnessedDeathStranger</defName>
    <label>Witnessed stranger's death</label>
    <description>I saw someone die. They were alive one moment, and dead the next.</description>
    <baseMoodEffect>-1</baseMoodEffect>
    <baseFearEffect>20</baseFearEffect>
    <duration>60000</duration>
    <stackedEffectMultiplier>0.4</stackedEffectMultiplier>
    <stackLimit>5</stackLimit>
  </ThoughtDef> 
  
  
  
    
	<ThoughtDef>
		<defName>JustImprisoned</defName>
		<label>Just imprisoned</label>
		<description>I just got thrown in a prison. I'd better keep myself together and deal with this.</description>
		<baseMoodEffect>8</baseMoodEffect>
		<duration>20000</duration>
		<stackLimit>1</stackLimit>
	</ThoughtDef>
  
  
  
  
	<ThoughtDef>
		<defName>PrisonerFriendlyChat</defName>
		<label>Convinced by warden</label>
		<description>That warden and I had a talk about the colony. It sounds like a good place...</description>
		<baseMoodEffect>100</baseMoodEffect>
		<duration>100000</duration>
		<stackedEffectMultiplier>0.98</stackedEffectMultiplier>
		<stackLimit>40</stackLimit>
	</ThoughtDef>

	<ThoughtDef>
		<defName>PrisonerBeatenMild</defName>
		<label>Beaten by warden</label>
		<description>That warden just beat me up. He didn't break anything but, damn, it hurts.</description>
		<baseMoodEffect>-1</baseMoodEffect>
		<baseFearEffect>3</baseFearEffect>
		<duration>100000</duration>
		<stackedEffectMultiplier>0.95</stackedEffectMultiplier>
		<stackLimit>20</stackLimit>
	</ThoughtDef>

	<ThoughtDef>
		<defName>PrisonerBeatenVicious</defName>
		<label>Beaten viciously by warden</label>
		<description>That warden just beat the hell from me. I could die from this...</description>
		<baseMoodEffect>-1</baseMoodEffect>
		<baseFearEffect>6</baseFearEffect>
		<duration>100000</duration>
		<stackedEffectMultiplier>0.95</stackedEffectMultiplier>
		<stackLimit>20</stackLimit>
	</ThoughtDef>

	<ThoughtDef>
		<defName>SocialTalk</defName>
		<label>Had social chat</label>
		<description>I just had a good chat with someone.</description>
		<baseMoodEffect>10</baseMoodEffect>
		<duration>20000</duration>
		<stackLimit>3</stackLimit>
		<stackedEffectMultiplier>0.5</stackedEffectMultiplier>
	</ThoughtDef>

</ThoughtDefs>