﻿<?xml version="1.0" encoding="utf-8" ?>
<GameData>


  <!-- Psychic drone -->
  <ThoughtDef>
    <defName>PsychicDroneLow</defName>
    <label>Psychic drone (low)</label>
    <description>It's like a scratching at the back of my mind. A voice, whispering. I can only make out a few words, and I don't like them.</description>
    <baseMoodEffect>-1</baseMoodEffect>
    <activePredicate>ThoughtPredicates.PsychicDroneLow</activePredicate>
  </ThoughtDef>

  <ThoughtDef>
    <defName>PsychicDroneMedium</defName>
    <label>Psychic drone (medium)</label>
    <description>I feel like someone is always just out of sight, speaking to me. The voice changes but the message doesn't. I'm supposed to hurt people. Make it go away!</description>
    <baseMoodEffect>-1</baseMoodEffect>
    <activePredicate>ThoughtPredicates.PsychicDroneMedium</activePredicate>
  </ThoughtDef>

  <ThoughtDef>
    <defName>PsychicDroneHigh</defName>
    <label>Psychic drone (high)</label>
    <description>The voice is unbearably loud. It's hard to concentrate. I find myself talking back to it, yelling at it. But it just keeps shouting!</description>
    <baseMoodEffect>-1</baseMoodEffect>
    <activePredicate>ThoughtPredicates.PsychicDroneHigh</activePredicate>
  </ThoughtDef>

  <ThoughtDef>
    <defName>PsychicDroneExtreme</defName>
    <label>Psychic drone (extreme)</label>
    <description>My heart pounds and I'm sweating. All I can think of is hurting and suffering and all these enemies around me. They're my nightmare, my nightmare, my nightmare...</description>
    <baseMoodEffect>-1</baseMoodEffect>
    <activePredicate>ThoughtPredicates.PsychicDroneExtreme</activePredicate>
  </ThoughtDef>




</GameData>