﻿<?xml version="1.0" encoding="utf-8" ?>
<SkillDefs>

	<SkillDef>
		<defName>Construction</defName>
		<skillLabel>Construction</skillLabel>
		<pawnLabel>Constructor</pawnLabel>
	</SkillDef>

	<SkillDef>
		<defName>Growing</defName>
		<skillLabel>Growing</skillLabel>
		<pawnLabel>Grower</pawnLabel>
	</SkillDef>

	<SkillDef>
		<defName>Research</defName>
		<skillLabel>Research</skillLabel>
		<pawnLabel>Researcher</pawnLabel>
	</SkillDef>

	<SkillDef>
		<defName>Mining</defName>
		<skillLabel>Mining</skillLabel>
		<pawnLabel>Miner</pawnLabel>
	</SkillDef>

	<SkillDef>
		<defName>Shooting</defName>
		<skillLabel>Shooting</skillLabel>
		<pawnLabel>Shooter</pawnLabel>
	</SkillDef>

	<SkillDef>
		<defName>Melee</defName>
		<skillLabel>Melee</skillLabel>
		<pawnLabel>Brawler</pawnLabel>
	</SkillDef>

	<SkillDef>
		<defName>Social</defName>
		<skillLabel>Social</skillLabel>
		<pawnLabel>Socialite</pawnLabel>
	</SkillDef>

	<SkillDef>
		<defName>Cooking</defName>
		<skillLabel>Cooking</skillLabel>
		<pawnLabel>Cook</pawnLabel>
	</SkillDef>

	<SkillDef>
		<defName>Medicine</defName>
		<skillLabel>Medicine</skillLabel>
		<pawnLabel>Doctor</pawnLabel>
	</SkillDef>

	<SkillDef>
		<defName>Artistic</defName>
		<skillLabel>Artistic</skillLabel>
		<pawnLabel>Artist</pawnLabel>
	</SkillDef>

	<SkillDef>
		<defName>Crafting</defName>
		<skillLabel>Crafting</skillLabel>
		<pawnLabel>Craftsman</pawnLabel>
	</SkillDef>

</SkillDefs>