﻿<?xml version="1.0" encoding="utf-8" ?>
<ScatterableDefs>


	<ScatterableDef Abstract="True" Name="StoneRoot">
		<MinSize>0.4</MinSize>
		<MaxSize>1.0</MaxSize>
		<SelectionWeight>100</SelectionWeight>
		<ScatterType>Rocky</ScatterType>
	</ScatterableDef>

	<ScatterableDef ParentName="StoneRoot">
    <defName>DebrisStoneA</defName>
		<TexturePath>Terrain/Scatter/DebrisStoneA</TexturePath>
	</ScatterableDef>

	<ScatterableDef ParentName="StoneRoot">
    <defName>DebrisStoneB</defName>
    <TexturePath>Terrain/Scatter/DebrisStoneB</TexturePath>
	</ScatterableDef>






	<ScatterableDef Abstract="True" Name="DirtSmearRoot">
		<MinSize>1.5</MinSize>
		<MaxSize>7.0</MaxSize>
		<SelectionWeight>40</SelectionWeight>
		<ScatterType>SoftDry</ScatterType>
	</ScatterableDef>

	<ScatterableDef ParentName="DirtSmearRoot">
    <defName>DirtSmearA</defName>
    <TexturePath>Terrain/Scatter/DirtSmearA</TexturePath>
	</ScatterableDef>

	<ScatterableDef ParentName="DirtSmearRoot">
    <defName>DirtSmearB</defName>
    <TexturePath>Terrain/Scatter/DirtSmearB</TexturePath>
	</ScatterableDef>



</ScatterableDefs>