﻿<?xml version="1.0" encoding="utf-8" ?>
<ThingCategoryDefs>


  <ThingCategoryDef>
    <defName>Root</defName>
    <label>Root</label>
  </ThingCategoryDef>


  

  <ThingCategoryDef>
    <defName>Resources</defName>
    <label>Resources</label>
    <parent>Root</parent>
  </ThingCategoryDef>

    <ThingCategoryDef>
      <defName>Foods</defName>
      <label>Foods</label>
      <parent>Resources</parent>
    </ThingCategoryDef>

      <ThingCategoryDef>
        <defName>FoodMeals</defName>
        <label>Meals</label>
        <parent>Foods</parent>
      </ThingCategoryDef>

      <ThingCategoryDef>
        <defName>FoodRaw</defName>
        <label>Raw</label>
        <parent>Foods</parent>
      </ThingCategoryDef>

        <ThingCategoryDef>
          <defName>MeatRaw</defName>
          <label>Meat</label>
          <parent>FoodRaw</parent>
        </ThingCategoryDef>

        <ThingCategoryDef>
          <defName>PlantFoodRaw</defName>
          <label>Vegetarian</label>
          <parent>FoodRaw</parent>
        </ThingCategoryDef>

    <ThingCategoryDef>
      <defName>Manufactured</defName>
      <label>Manufactured</label>
      <parent>Resources</parent>
    </ThingCategoryDef>
  
    <ThingCategoryDef>
      <defName>ResourcesRaw</defName>
      <label>Raw resources</label>
      <parent>Resources</parent>
    </ThingCategoryDef>

  <ThingCategoryDef>
    <defName>Items</defName>
    <label>Items</label>
    <parent>Root</parent>
  </ThingCategoryDef>

  <ThingCategoryDef>
    <defName>Weapons</defName>
    <label>Weapons</label>
    <parent>Root</parent>
  </ThingCategoryDef>
  
  
  <ThingCategoryDef>
    <defName>Apparel</defName>
    <label>Apparel</label>
    <parent>Root</parent>
  </ThingCategoryDef>

  
  <ThingCategoryDef>
    <defName>Chunks</defName>
    <label>Chunks</label>
    <parent>Root</parent>
  </ThingCategoryDef>

  
  <ThingCategoryDef>
    <defName>Corpses</defName>
    <label>Corpses</label>
    <parent>Root</parent>
  </ThingCategoryDef>
  
    <ThingCategoryDef>
    <defName>CorpsesHumanoid</defName>
    <label>Humanoid corpses</label>
      <parent>Corpses</parent>
    </ThingCategoryDef>
  
    <ThingCategoryDef>
      <defName>CorpsesAnimal</defName>
      <label>Animal corpses</label>
      <parent>Corpses</parent>
    </ThingCategoryDef>
  
    <ThingCategoryDef>
      <defName>CorpsesMechanoid</defName>
      <label>Mechanoid corpses</label>
      <parent>Corpses</parent>
    </ThingCategoryDef>


</ThingCategoryDefs>