﻿<?xml version="1.0" encoding="utf-8" ?>
<PawnKindDefs>

	<PawnKindDef>
		<defName>Muffalo</defName>
		<label>Muffalo</label>
		<race>Muffalo</race>
    <pointsCost>90</pointsCost>
		<standardBodyGraphicPath>Things/Pawn/Animal/Muffalo</standardBodyGraphicPath>
		<wildSpawn_spawnWild>true</wildSpawn_spawnWild>
		<wildSpawn_EcoSystemWeight>1</wildSpawn_EcoSystemWeight>
		<wildSpawn_GroupSizeRange>
			<min>3</min>
			<max>9</max>
		</wildSpawn_GroupSizeRange>
		<wildSpawn_SelectionWeight>0.5</wildSpawn_SelectionWeight>
	</PawnKindDef>


	<PawnKindDef>
		<defName>Squirrel</defName>
    <label>Squirrel</label>
		<race>Squirrel</race>
    <pointsCost>15</pointsCost>
    <standardBodyGraphicPath>Things/Pawn/Animal/Squirrel</standardBodyGraphicPath>
		<wildSpawn_EcoSystemWeight>0.2</wildSpawn_EcoSystemWeight>
		<wildSpawn_spawnWild>true</wildSpawn_spawnWild>
		<wildSpawn_SelectionWeight>1</wildSpawn_SelectionWeight>
</PawnKindDef>

	<PawnKindDef>
		<defName>Boomrat</defName>
    <label>Boomrat</label>
    <race>Boomrat</race>
    <pointsCost>45</pointsCost>
    <standardBodyGraphicPath>Things/Pawn/Animal/Boomrat</standardBodyGraphicPath>
    <wildSpawn_EcoSystemWeight>0.25</wildSpawn_EcoSystemWeight>
    <wildSpawn_spawnWild>true</wildSpawn_spawnWild>
    <wildSpawn_SelectionWeight>1</wildSpawn_SelectionWeight>

  </PawnKindDef>

</PawnKindDefs>
