﻿<?xml version="1.0" encoding="utf-8" ?>
<PawnKindDefs>



	<PawnKindDef>
		<defName>TribalFighter</defName>
		<label>Fighter</label>
		<race>Human</race>
    <pointsCost>30</pointsCost>
    <defaultFactionType>Tribal</defaultFactionType>
		<recruitDifficulty>90</recruitDifficulty>
		<backstoryCategory>Tribal</backstoryCategory>
    <isFighter>true</isFighter>
    <outfits>
			<li>
				<def>Tribal</def>
				<commonality>60</commonality>
			</li>
		</outfits>
		<moneyForWeapons>
			<min>30</min>
			<max>100</max>
		</moneyForWeapons>
		<weaponTags>
			<li>Neolithic</li>
		</weaponTags>
	</PawnKindDef>



	<PawnKindDef>
		<defName>TribalWarrior</defName>
		<label>Warrior</label>
		<race>Human</race>
    <pointsCost>48</pointsCost>
    <defaultFactionType>Tribal</defaultFactionType>
		<recruitDifficulty>90</recruitDifficulty>
		<backstoryCategory>Tribal</backstoryCategory>
    <isFighter>true</isFighter>
    <outfits>
			<li>
				<def>Tribal</def>
				<commonality>60</commonality>
			</li>
		</outfits>
		<moneyForWeapons>
			<min>45</min>
			<max>130</max>
		</moneyForWeapons>
		<weaponTags>
			<li>Neolithic</li>
		</weaponTags>
	</PawnKindDef>





	<PawnKindDef>
		<defName>TribalChief</defName>
		<label>Chief</label>
		<race>Human</race>
    <pointsCost>70</pointsCost>
    <defaultFactionType>Tribal</defaultFactionType>
		<recruitDifficulty>95</recruitDifficulty>
		<backstoryCategory>Tribal</backstoryCategory>
    <isFighter>true</isFighter>
    <outfits>
			<li>
				<def>Tribal</def>
				<commonality>10</commonality>
			</li>
		</outfits>
		<moneyForWeapons>
			<min>400</min>
			<max>500</max>
		</moneyForWeapons>
		<weaponTags>
			<li>Neolithic</li>
		</weaponTags>
	</PawnKindDef>








</PawnKindDefs>