﻿<?xml version="1.0" encoding="utf-8" ?>
<PawnKindDefs>




  <PawnKindDef>
    <defName>SpaceRefugee</defName>
    <label>Space refugee</label>
    <race>Human</race>
    <pointsCost>25</pointsCost>
    <recruitDifficulty>30</recruitDifficulty>
    <backstoryCategory>Civil</backstoryCategory>
    <defaultFactionType>Outlander</defaultFactionType>
    <startHealthPercentRange>
      <min>0.55</min>
      <max>0.80</max>
    </startHealthPercentRange>
    <outfits>
      <li>
        <def>Naked</def>
        <commonality>15</commonality>
      </li>
      <li>
        <def>BasicShirtOnly</def>
        <commonality>60</commonality>
      </li>
      <li>
        <def>BasicShirtAndJacket</def>
        <commonality>20</commonality>
      </li>
      <li>
        <def>BasicShirtAndDuster</def>
        <commonality>20</commonality>
      </li>
    </outfits>
    <moneyForWeapons>
      <min>0</min>
      <max>150</max>
    </moneyForWeapons>
    <weaponTags>
      <li>Gun</li>
    </weaponTags>
  </PawnKindDef>



</PawnKindDefs>