﻿<?xml version="1.0" encoding="utf-8" ?>
<DesignationDefs>

  <DesignationDef>
    <defName>Plan</defName>
    <texturePath>UI/Overlays/Designations/Plan</texturePath>
    <targetType>Cell</targetType>
  </DesignationDef>


  <DesignationDef>
		<defName>Mine</defName>
		<texturePath>UI/Overlays/Designations/Mine</texturePath>
		<targetType>Cell</targetType>
	</DesignationDef>

	<DesignationDef>
		<defName>Haul</defName>
		<texturePath>UI/Overlays/Designations/Haul</texturePath>
		<targetType>Thing</targetType>
	</DesignationDef>

	<DesignationDef>
		<defName>Deconstruct</defName>
		<texturePath>UI/Overlays/Designations/Deconstruct</texturePath>
		<targetType>Thing</targetType>
	</DesignationDef>

	<DesignationDef>
		<defName>CutPlant</defName>
		<texturePath>UI/Overlays/Designations/CutPlant</texturePath>
		<targetType>Thing</targetType>
	</DesignationDef>

	<DesignationDef>
		<defName>HarvestPlant</defName>
		<texturePath>UI/Overlays/Designations/HarvestPlant</texturePath>
		<targetType>Thing</targetType>
	</DesignationDef>

	<DesignationDef>
		<defName>Hunt</defName>
		<texturePath>UI/Overlays/Designations/Hunt</texturePath>
		<targetType>Thing</targetType>
	</DesignationDef>

</DesignationDefs>