﻿<?xml version="1.0" encoding="utf-8" ?>
<Defs>

  
  <DesignationCategoryDef>
    <defName>Orders</defName>
    <label>Orders</label>
    <description>Designate specific interactions with specific things.</description>
    <order>900</order>
    <specialDesignatorClasses>
      <li>Designator_Cancel</li>
      <li>Designator_Deconstruct</li>
      <li>Designator_Mine</li>
      <li>Designator_Haul</li>
      <li>Designator_PlantsCut</li>
      <li>Designator_PlantsHarvestFood</li>
      <li>Designator_PlantsHarvestWood</li>
      <li>Designator_Hunt</li>
      <li>Designator_PlanAdd</li>
      <li>Designator_PlanRemove</li> 
    </specialDesignatorClasses>
    
  </DesignationCategoryDef>
  
  <DesignationCategoryDef>
    <DefName>Zone</DefName>
    <label>Zone</label>
    <description>Designate zones where colonists will do certain activities.</description>
    <order>800</order>
    <specialDesignatorClasses>
      <li>Designator_Cancel</li>
      <li>Designator_Deconstruct</li> 
      <li>Designator_ZoneCreateStorage_Resources</li>
      <li>Designator_ZoneCreateStorage_Dumping</li>
      <li>Designator_ZoneCreate_Growing</li>
      <li>Designator_ZoneDelete</li>
      <li>Designator_RegionHomeAdd</li>
      <li>Designator_RegionHomeRemove</li>
      <li>Designator_RegionNoRoofAdd</li>
      <li>Designator_RegionNoRoofRemove</li>
    </specialDesignatorClasses>
  </DesignationCategoryDef>

  <DesignationCategoryDef>
    <DefName>Structure</DefName>
    <label>Structure</label>
    <description>Structural constructions like walls and power cables.</description>
    <order>700</order>
    <specialDesignatorClasses>
      <li>Designator_Cancel</li>
      <li>Designator_Deconstruct</li>
    </specialDesignatorClasses>
  </DesignationCategoryDef>

  <DesignationCategoryDef>
    <DefName>Production</DefName>
    <label>Production</label>
    <description>Structures used for producting goods.</description>
    <order>600</order>
    <specialDesignatorClasses>
      <li>Designator_Cancel</li>
      <li>Designator_Deconstruct</li>
    </specialDesignatorClasses>
  </DesignationCategoryDef>

  <DesignationCategoryDef>
    <DefName>Furniture</DefName>
    <label>Furniture</label>
    <description>Small constructions.</description>
    <order>500</order>
    <specialDesignatorClasses>
      <li>Designator_Cancel</li>
      <li>Designator_Deconstruct</li>
    </specialDesignatorClasses>
  </DesignationCategoryDef>

  <DesignationCategoryDef>
    <DefName>Power</DefName>
    <label>Power</label>
    <description>Electricity production, transmission, and management.</description>
    <order>400</order>
    <specialDesignatorClasses>
      <li>Designator_Cancel</li>
      <li>Designator_Deconstruct</li>
    </specialDesignatorClasses>
  </DesignationCategoryDef>

  <DesignationCategoryDef>
    <DefName>Security</DefName>
    <label>Security</label>
    <description>Security and combat-oriented constructions.</description>
    <order>300</order>
    <specialDesignatorClasses>
      <li>Designator_Cancel</li>
      <li>Designator_Deconstruct</li>
    </specialDesignatorClasses>
  </DesignationCategoryDef>

  <DesignationCategoryDef>
    <DefName>Misc</DefName>
    <label>Misc</label>
    <description>Miscellaneous constructibles.</description>
    <order>250</order>
    <specialDesignatorClasses>
      <li>Designator_Cancel</li>
      <li>Designator_Deconstruct</li>
    </specialDesignatorClasses>
  </DesignationCategoryDef>

  <DesignationCategoryDef>
    <DefName>Floors</DefName>
    <label>Floors</label>
    <description>Flooring.</description>
    <order>200</order>
    <specialDesignatorClasses>
      <li>Designator_Cancel</li>
      <li>Designator_Deconstruct</li>
    </specialDesignatorClasses>
  </DesignationCategoryDef>

  <DesignationCategoryDef>
    <DefName>Decoration</DefName>
    <label>Decoration</label>
    <description>Beautiful things for increasing colonists' mood.</description>
    <order>100</order>
    <specialDesignatorClasses>
      <li>Designator_Cancel</li>
      <li>Designator_Deconstruct</li>
    </specialDesignatorClasses>
  </DesignationCategoryDef>

  <DesignationCategoryDef>
    <DefName>Ship</DefName>
    <label>Ship</label>
    <description>Components of your escape ship.</description>
    <order>50</order>
    <specialDesignatorClasses>
      <li>Designator_Cancel</li>
      <li>Designator_Deconstruct</li>
    </specialDesignatorClasses>
  </DesignationCategoryDef>
  

</Defs>