﻿<?xml version="1.0" encoding="utf-8" ?>
<SongDefs>


	<!-- Day noodles -->
	<SongDef>
		<timeOfDay>Day</timeOfDay>
		<clipPath>Songs/Relax/Noodles_Planetfall/Noodle_Planetfall_a</clipPath>
    <volume>0.6</volume>
	</SongDef>

	<SongDef>
		<timeOfDay>Day</timeOfDay>
		<clipPath>Songs/Relax/Noodles_Planetfall/Noodle_Planetfall_b</clipPath>
    <volume>0.6</volume>
  </SongDef>

	<SongDef>
		<timeOfDay>Day</timeOfDay>
		<clipPath>Songs/Relax/Noodles_Planetfall/Noodle_Planetfall_c</clipPath>
    <volume>0.6</volume>
  </SongDef>

	<SongDef>
		<timeOfDay>Day</timeOfDay>
		<clipPath>Songs/Relax/Noodles_Planetfall/Noodle_Planetfall_d</clipPath>
    <volume>0.6</volume>
  </SongDef>

	<SongDef>
		<timeOfDay>Day</timeOfDay>
		<clipPath>Songs/Relax/Noodles_Planetfall/Noodle_Planetfall_e</clipPath>
    <volume>0.6</volume>
  </SongDef>

	<SongDef>
		<timeOfDay>Day</timeOfDay>
		<clipPath>Songs/Relax/A_New_Day</clipPath>
    <volume>0.6</volume>
  </SongDef>




	<!-- Night noodles -->
	<SongDef>
		<timeOfDay>Night</timeOfDay>
		<clipPath>Songs/Relax/Noodles_Starscape/Noodle_Starscape_a</clipPath>
	</SongDef>

	<SongDef>
		<timeOfDay>Night</timeOfDay>
		<clipPath>Songs/Relax/Noodles_Starscape/Noodle_Starscape_b</clipPath>
	</SongDef>

	<SongDef>
		<timeOfDay>Night</timeOfDay>
		<clipPath>Songs/Relax/Noodles_Starscape/Noodle_Starscape_c</clipPath>
	</SongDef>

	<SongDef>
		<timeOfDay>Night</timeOfDay>
		<clipPath>Songs/Relax/Noodles_Starscape/Noodle_Starscape_d</clipPath>
	</SongDef>

	<SongDef>
		<timeOfDay>Night</timeOfDay>
		<clipPath>Songs/Relax/Noodles_Starscape/Noodle_Starscape_e</clipPath>
	</SongDef>

	<SongDef>
		<timeOfDay>Night</timeOfDay>
		<clipPath>Songs/Relax/Noodles_Starscape/Noodle_Starscape_f</clipPath>
	</SongDef>



	<!-- Any time of day songs -->

  <SongDef>
    <timeOfDay>Any</timeOfDay>
    <clipPath>Songs/Relax/I_Like_It_Here</clipPath>
  </SongDef>

  <SongDef>
		<timeOfDay>Any</timeOfDay>
		<clipPath>Songs/Relax/Noodles_Mirage/Noodle_Mirage_b</clipPath>
	</SongDef>

	<SongDef>
		<timeOfDay>Any</timeOfDay>
		<clipPath>Songs/Relax/Noodles_Mirage/Noodle_Mirage_c</clipPath>
	</SongDef>

	<SongDef>
		<timeOfDay>Any</timeOfDay>
		<clipPath>Songs/Relax/Noodles_Mirage/Noodle_Mirage_d</clipPath>
	</SongDef>

	<SongDef>
		<timeOfDay>Any</timeOfDay>
		<clipPath>Songs/Relax/Noodles_Mirage/Noodle_Mirage_e</clipPath>
	</SongDef>

	<SongDef>
		<timeOfDay>Any</timeOfDay>
		<clipPath>Songs/Relax/Cruel_Sunrise</clipPath>
	</SongDef>

  <SongDef>
    <timeOfDay>Any</timeOfDay>
    <clipPath>Songs/Relax/Terraformer</clipPath>
    <volume>0.7</volume>
  </SongDef>

  <SongDef>
    <timeOfDay>Any</timeOfDay>
    <clipPath>Songs/Relax/Moving_On</clipPath>
    <volume>1.0</volume> 
  </SongDef>

  
  
  
  <!-- Tension songs -->

  <SongDef>
    <timeOfDay>Any</timeOfDay>
    <clipPath>Songs/Tension/Here_It_Comes</clipPath>
    <volume>1.0</volume>
    <tense>true</tense>
  </SongDef>

  <SongDef>
    <timeOfDay>Any</timeOfDay>
    <clipPath>Songs/Tension/Close_The_Gates</clipPath>
    <volume>1.0</volume>
    <tense>true</tense>
  </SongDef>

  <SongDef>
    <timeOfDay>Any</timeOfDay>
    <clipPath>Songs/Tension/Riding_Out</clipPath>
    <volume>0.7</volume>
    <tense>true</tense>
  </SongDef>



</SongDefs>