﻿<?xml version="1.0" encoding="utf-8" ?>
<PawnPawnOutfitDefs>

	<PawnOutfitDef>
		<defName>Naked</defName>
		<apparelTags>
		</apparelTags>
	</PawnOutfitDef>

	<PawnOutfitDef>
		<defName>BasicShirtOnly</defName>
		<apparelTags>
			<li>BasicShirt</li>
		</apparelTags>
	</PawnOutfitDef>

	<PawnOutfitDef>
		<defName>BasicShirtAndJacket</defName>
		<apparelTags>
			<li>BasicShirt</li>
			<li>Jacket</li>
		</apparelTags>
	</PawnOutfitDef>

	<PawnOutfitDef>
		<defName>BasicShirtAndDuster</defName>
		<apparelTags>
			<li>BasicShirt</li>
			<li>Duster</li>
		</apparelTags>
	</PawnOutfitDef>

	<PawnOutfitDef>
		<defName>BasicShirtAndVest</defName>
		<apparelTags>
			<li>BasicShirt</li>
			<li>ArmorVest</li>
			<li>Jacket</li>
		</apparelTags>
	</PawnOutfitDef>


	<PawnOutfitDef>
		<defName>BasicShirtAndVestAndJacket</defName>
		<apparelTags>
			<li>BasicShirt</li>
			<li>ArmorVest</li>
			<li>Jacket</li>
		</apparelTags>
	</PawnOutfitDef>

	<PawnOutfitDef>
		<defName>BasicShirtAndVestAndDuster</defName>
		<apparelTags>
			<li>BasicShirt</li>
			<li>ArmorVest</li>
			<li>Duster</li>
		</apparelTags>
	</PawnOutfitDef>


	<PawnOutfitDef>
		<defName>AdvancedArmor</defName>
		<apparelTags>
			<li>AdvancedArmor</li>
		</apparelTags>
	</PawnOutfitDef>

	<PawnOutfitDef>
		<defName>Tribal</defName>
		<apparelTags>
			<li>Tribal</li>
		</apparelTags>
	</PawnOutfitDef>


</PawnPawnOutfitDefs>