﻿<?xml version="1.0" encoding="utf-8" ?>
<HistoryAutoRecorderDefs>

  <HistoryAutoRecorderDef>
    <defName>WealthTotal</defName>
    <label>Wealth (total)</label>
	<graphColor>RGBA(1, 1, 0, 1)</graphColor>
    <recordTicksFrequency>10000</recordTicksFrequency>
    <workerClass>HistoryAutoRecorderWorker_WealthTotal</workerClass>
  </HistoryAutoRecorderDef>
  
  <HistoryAutoRecorderDef>
    <defName>WealthItems</defName>
    <label>Wealth (items)</label>
	<graphColor>RGBA(0.9, 0.7, 0, 1)</graphColor>
    <recordTicksFrequency>10000</recordTicksFrequency>
    <workerClass>HistoryAutoRecorderWorker_WealthItems</workerClass>
  </HistoryAutoRecorderDef>
  
  <HistoryAutoRecorderDef>
    <defName>WealthBuildings</defName>
    <label>Wealth (buildings)</label>
	<graphColor>RGBA(0.5, 0.7, 0, 1)</graphColor>
    <recordTicksFrequency>10000</recordTicksFrequency>
    <workerClass>HistoryAutoRecorderWorker_WealthBuildings</workerClass>
  </HistoryAutoRecorderDef>
  
  <HistoryAutoRecorderDef>
    <defName>FreeColonists</defName>
    <label>Free colonists</label>
	<graphColor>RGBA(0, 1, 0, 1)</graphColor>
    <recordTicksFrequency>10000</recordTicksFrequency>
    <workerClass>HistoryAutoRecorderWorker_FreeColonists</workerClass>
  </HistoryAutoRecorderDef>
  
  <HistoryAutoRecorderDef>
    <defName>Prisoners</defName>
    <label>Prisoners</label>
	<graphColor>RGBA(1, 0, 0, 1)</graphColor>
    <recordTicksFrequency>10000</recordTicksFrequency>
    <workerClass>HistoryAutoRecorderWorker_Prisoners</workerClass>
  </HistoryAutoRecorderDef>
  
  <HistoryAutoRecorderDef>
    <defName>ColonistMood</defName>
    <label>Mood</label>
	<graphColor>RGBA(0, 1, 0, 1)</graphColor>
    <recordTicksFrequency>10000</recordTicksFrequency>
    <workerClass>HistoryAutoRecorderWorker_ColonistMood</workerClass>
  </HistoryAutoRecorderDef>
  
  <!--
  <HistoryAutoRecorderDef>
    <defName>ColonistFear</defName>
    <label>Fear</label>
	<graphColor>RGBA(1, 0, 0, 1)</graphColor>
    <recordTicksFrequency>10000</recordTicksFrequency>
    <workerClass>HistoryAutoRecorderWorker_ColonistFear</workerClass>
  </HistoryAutoRecorderDef>
  -->
  
</HistoryAutoRecorderDefs>