﻿<?xml version="1.0" encoding="utf-8" ?>
<TraitDefs>

  <TraitDef>
    <defName>Gunslinger</defName>
    <label>Gunslinger</label>
    <description>This person knows how to draw and aim a gun with blinding speed. It doesn't help at range, but when the target is close, this person always gets the shot off first.</description>
    <effect>ShootQuick</effect>
  </TraitDef>

  <TraitDef>
    <defName>Runner</defName>
    <label>Runner</label>
    <description>This person is a well-conditioned runner.</description>
    <effect>MoveFast</effect>
  </TraitDef>

  <TraitDef>
    <defName>Tough</defName>
    <label>Tough</label>
    <description>This person can take a remarkable amount of punishment before falling.</description>
    <effect>MoreHealth</effect>
  </TraitDef>

</TraitDefs>